"variable","q20","q40","q60","q80","n1","n2","n3","n4","n5"
"PER",8.62,11.54,14.2,17.1,108,107,110,105,107
"TS%",0.486,0.527,0.556,0.5938,109,109,108,103,108
"3PAr",0.0968,0.3004,0.415,0.517,108,107,109,106,107
"FTr",0.1332,0.1868,0.2532,0.3384,108,107,107,107,108
"ORB%",1.6,2.5,4.1,7.7,124,95,104,107,107
"DRB%",9.52,11.94,15.66,20.7,108,107,107,108,107
"TRB%",5.9,7.44,10,14.3,114,101,110,105,107
"AST%",6.02,8.7,11.8,19.56,108,112,103,106,108
"STL%",0.9,1.3,1.6,2,127,115,88,101,106
"BLK%",0.4,0.9,1.5,2.6,112,117,110,94,104
"TOV%",9,11.2,13.5,16.4,109,108,109,105,106
"USG%",14,16.6,19.1,23.08,109,110,104,106,108
"OWS",-0.1,0.2,1.1,2.28,112,110,109,98,108
"DWS",0.1,0.5,1.2,1.9,116,100,114,102,105
"WS/48",0.0252,0.064,0.096,0.1358,108,108,107,106,108
"OBPM",-3.6,-1.9,-0.6,0.9,109,107,111,107,103
"DBPM",-1.3,-0.5,0.1,1,112,113,101,111,100
"VORP",-0.1,0,0.3,1.1,167,81,77,113,99
