"player_id","Player","WS","BPM"
"abrinal01","<U+00C1>lex Abrines",2.2,-1.5
"acyqu01","Quincy Acy",1,-2.5
"adamsst01","Steven Adams",9.7,1.1
"adebaba01","Bam Adebayo",4.2,-0.4
"afflaar01","Arron Afflalo",0.1,-5.4
"aldrico01","Cole Aldrich",0,-7.5
"aldrila01","LaMarcus Aldridge",10.9,3.9
"allenja01","Jarrett Allen",4.2,-0.8
"allenka01","Kadeem Allen",-0.1,-7.7
"allento01","Tony Allen",0.1,-5.5
"aminual01","Al-Farouq Aminu",4.2,0.4
"anderju01","Justin Anderson",1.2,-0.9
"anderky01","Kyle Anderson",6.2,2.9
"anderry01","Ryan Anderson",4.8,0.1
"anigbik01","Ike Anigbogu",0.1,1.9
"antetgi01","Giannis Antetokounmpo",11.9,6.2
"anthoca01","Carmelo Anthony",3.7,-1.9
"anunoog01","OG Anunoby",3,-0.6
"arcidry01","Ryan Arcidiacono",0.3,-4.1
"arizatr01","Trevor Ariza",5.3,0.7
"arthuda01","Darrell Arthur",0,-5.3
"artisja01","Jamel Artis",0,-5.4
"asikom01","<U+00D6>mer A<U+015F><U+0131>k",-0.1,-8
"augusdj01","D.J. Augustin",4.1,-0.2
"babbilu01","Luke Babbitt",0.9,-2.4
"bacondw01","Dwayne Bacon",-0.1,-4.7
"bakerro01","Ron Baker",0.5,-0.4
"baldwwa01","Wade Baldwin",0.3,1.9
"balllo01","Lonzo Ball",2,1
"bareajo01","J.J. Barea",3.3,1.2
"barneha02","Harrison Barnes",3.8,-0.5
"bartowi01","Will Barton",6.2,1.1
"batumni01","Nicolas Batum",3.5,0.4
"bayleje01","Jerryd Bayless",1.1,-2.8
"baynear01","Aron Baynes",3,-2.9
"bazemke01","Kent Bazemore",2.2,0.6
"bealbr01","Bradley Beal",6.9,2.2
"beaslma01","Malik Beasley",0.3,-3.8
"beaslmi01","Michael Beasley",2.4,-0.2
"belinma01","Marco Belinelli",3.7,-0.5
"belljo01","Jordan Bell",2.9,2.8
"bembrde01","DeAndre' Bembry",-0.4,-4.7
"bendedr01","Dragan Bender",0.1,-3.7
"bertada01","D<U+0101>vis Bert<U+0101>ns",3.1,1.6
"beverpa01","Patrick Beverley",0.4,0.5
"birchkh01","Khem Birch",1.8,-0.9
"birdja01","Jabari Bird",0.2,-3.1
"biyombi01","Bismack Biyombo",2.9,-2.4
"bjeline01","Nemanja Bjelica",2.8,0.1
"blackta01","Tarik Black",1.5,-2.6
"blakean01","Antonio Blakeney",0,-5.2
"bledser01","Eric Bledsoe",5.6,2.5
"blueva01","Vander Blue",-0.1,-8.4
"bogdabo01","Bogdan Bogdanovi<U+0107>",2.9,-1.5
"bogdabo02","Bojan Bogdanovi<U+0107>",5.4,-0.7
"bogutan01","Andrew Bogut",0.4,-2.8
"bolomjo01","Joel Bolomboy",0.1,-5
"bookede01","Devin Booker",2.4,0.9
"booketr01","Trevor Booker",2.9,-0.6
"bouchch01","Chris Boucher",0,-33.1
"bradlav01","Avery Bradley",-0.2,-4
"bradlto01","Tony Bradley",0,-7.5
"breweco01","Corey Brewer",2.3,-1.3
"brogdma01","Malcolm Brogdon",2.7,-1.2
"brookaa01","Aaron Brooks",0.1,-3.8
"brookdi01","Dillon Brooks",1.2,-4
"brookma01","MarShon Brooks",0.7,7.1
"brownan02","Anthony Brown",0,30.5
"brownbo02","Bobby Brown",-0.2,-7.2
"brownja02","Jaylen Brown",4.5,-0.5
"brownlo01","Lorenzo Brown",0.2,-2.5
"brownma02","Markel Brown",0,-10.8
"brownst02","Sterling Brown",0.7,-3.1
"brussni01","Nicol<U+00E1>s Brussino",0,-11.3
"bryanth01","Thomas Bryant",0.1,-3.3
"bullore01","Reggie Bullock",4.2,0.7
"burketr01","Trey Burke",2.4,2.5
"burksal01","Alec Burks",1.9,-0.9
"butleji01","Jimmy Butler",8.9,5.8
"buyckdw01","Dwight Buycks",0.2,-3.1
"cabocbr01","Bruno Caboclo",0,-5.8
"caldejo01","Jos<U+00E9> Calder<U+00F3>n",1.8,-1.9
"caldwke01","Kentavious Caldwell-Pope",5.3,0.3
"canaais01","Isaiah Canaan",0.6,-1.3
"capelca01","Clint Capela",10.2,3.4
"carrode01","DeMarre Carroll",4.1,0.2
"cartevi01","Vince Carter*",1.2,-1.2
"cartemi01","Michael Carter-Williams",0.9,-1.5
"carusal01","Alex Caruso",0.5,-2.9
"casspom01","Omri Casspi",2.2,-0.9
"caulewi01","Willie Cauley-Stein",3.9,-0.1
"cavanty01","Tyler Cavanaugh",1.2,-1.9
"chalmma01","Mario Chalmers",0.6,-3.2
"chandty01","Tyson Chandler",2.7,-1.4
"chandwi01","Wilson Chandler",3.3,-2.1
"chrisma01","Marquese Chriss",0.7,-2.8
"clarkia01","Ian Clark",1.1,-3.5
"clarkjo01","Jordan Clarkson",3,0.1
"clavegi01","Gian Clavell",0.1,-2.2
"clevean01","Antonius Cleveland",0,-5.2
"collijo01","John Collins",5.4,-0.2
"colliza01","Zach Collins",0.6,-4.3
"colliky01","Kyle Collinsworth",0.5,-2.6
"collida01","Darren Collison",7.6,2.7
"collini01","Nick Collison",0.1,-4.2
"conlemi01","Mike Conley",0.6,0.5
"connapa01","Pat Connaughton",2.5,-1.8
"cookqu01","Quinn Cook",1.6,-1.6
"cookech01","Charles Cooke",-0.2,-14.4
"cooleja01","Jack Cooley",0.3,-0.6
"costema01","Matt Costello",0.1,-0.7
"couside01","DeMarcus Cousins",4.7,4.7
"covinro01","Robert Covington",6.1,1.5
"crabbal01","Allen Crabbe",3.2,-0.7
"craigto01","Torrey Craig",0.9,-2.9
"crawfja01","Jamal Crawford",1.3,-2.3
"crawfjo02","Jordan Crawford",0.2,4.2
"crowdja01","Jae Crowder",2.6,-2.5
"cunnida01","Dante Cunningham",2.4,-1.7
"curryst01","Stephen Curry",9.1,7.7
"danietr01","Troy Daniels",1.4,-2.6
"davisan02","Anthony Davis",13.7,6.7
"davisde01","Deyonta Davis",2.7,-1.5
"davised01","Ed Davis",5,-0.6
"dedmode01","Dewayne Dedmon",3.7,0.1
"dekkesa01","Sam Dekker",1.2,-2.9
"delanma01","Malcolm Delaney",1,-2.6
"dellama01","Matthew Dellavedova",0.5,-4.4
"denglu01","Luol Deng",0,-2.9
"derozde01","DeMar DeRozan",9.6,2.8
"diallch01","Cheick Diallo",1.9,-1.2
"dienggo01","Gorgui Dieng",2.9,-1
"dinwisp01","Spencer Dinwiddie",5.7,0.6
"dorsety01","Tyler Dorsey",0.4,-2.9
"dotsoda01","Damyean Dotson",0.6,-2.3
"doylemi01","Milton Doyle",-0.1,-6.8
"doziepj01","PJ Dozier",0,-20.4
"dragigo01","Goran Dragi<U+0107>",5.3,0.3
"drewla02","Larry Drew II",-0.1,-9
"drumman01","Andre Drummond",10.3,3.2
"dudleja01","Jared Dudley",0.8,-2.5
"dunnkr01","Kris Dunn",0.9,-1.3
"duranke01","Kevin Durant",10.4,7.3
"eddieja01","Jarell Eddie",0,-8.3
"ellenhe01","Henry Ellenson",0.1,-4.4
"ellinwa01","Wayne Ellington",4.5,0.4
"embiijo01","Joel Embiid",6.2,3.3
"ennisja01","James Ennis III",3.1,-1.2
"ennisty01","Tyler Ennis",0.8,-2.1
"evansja01","Jawun Evans",-0.2,-5
"evansje01","Jeremy Evans",0,-9.9
"evansty01","Tyreke Evans",4.2,4.5
"exumda01","Dante Exum",0.7,0.1
"farieke01","Kenneth Faried",1.3,-2.1
"favorde01","Derrick Favors",8,1.5
"feldeka01","Kay Felder",-0.5,-11.1
"feliccr01","Cristiano Fel<U+00ED>cio",1.7,-3.9
"feltora01","Raymond Felton",2.2,-0.6
"fergute01","Terrance Ferguson",1.2,-3.3
"ferreyo01","Yogi Ferrell",3,-1.4
"finnedo01","Dorian Finney-Smith",0.1,-4.6
"forbebr01","Bryn Forbes",2.1,-3.1
"fournev01","Evan Fournier",3.3,-0.6
"foxde01","De'Aaron Fox",-0.6,-4.2
"fraziti01","Tim Frazier",1.4,-0.9
"kanteen01","Enes Freedom",7.6,2.2
"fryech01","Channing Frye",1.5,-0.5
"fultzma01","Markelle Fultz",0.2,-2.6
"gallida01","Danilo Gallinari",1.2,-0.5
"gallola01","Langston Galloway",1.4,0.1
"gasolma01","Marc Gasol",4,2.3
"gasolpa01","Pau Gasol*",6,3.4
"gayru01","Rudy Gay",3.1,0.8
"georgpa01","Paul George",8.9,2.9
"georgma01","Marcus Georges-Hunt",0.2,-5.1
"gibsojo01","Jonathan Gibson",0.2,4.1
"gibsota01","Taj Gibson",7.2,-0.5
"ginobma01","Manu Gin<U+00F3>bili*",2.2,-1.3
"goberru01","Rudy Gobert",8.1,3.4
"gordoaa01","Aaron Gordon",2.9,0.3
"gordoer01","Eric Gordon",4.7,0.4
"gortama01","Marcin Gortat",4.9,-0.6
"grahatr01","Treveon Graham",1.8,-2.7
"grantje01","Jerami Grant",5.4,0.3
"grantje02","Jerian Grant",3.3,-1.3
"grayjo01","Josh Gray",-0.2,-4.2
"greenda02","Danny Green",2.9,0.4
"greendr01","Draymond Green",6.1,2.8
"greenge01","Gerald Green",2.1,0.3
"greenja01","JaMychal Green",2.6,-2.3
"greenje02","Jeff Green",3.9,-1.8
"griffbl01","Blake Griffin",4.9,3.4
"hamilda02","Daniel Hamilton",0.1,2.3
"hardati02","Tim Hardaway Jr.",2.6,-0.6
"hardeja01","James Harden",15.4,9.9
"harklma01","Maurice Harkless",3.2,1.4
"harremo01","Montrezl Harrell",5.5,3.3
"harride01","Devin Harris",2.5,-1.8
"harriga01","Gary Harris",5.5,0.8
"harrijo01","Joe Harris",4,0.1
"harrito02","Tobias Harris",6.7,1.9
"harriaa01","Aaron Harrison",-0.1,-7.5
"harrian01","Andrew Harrison",1.7,-1.5
"harrish01","Shaquille Harrison",0.8,-0.7
"hartjo01","Josh Hart",3.4,-0.1
"hasleud01","Udonis Haslem",-0.1,-7.7
"hayesni01","Nigel Hayes",-0.1,-3.8
"haywago01","Gordon Hayward",0,-7.4
"hearnre01","Reggie Hearn",0,1.5
"henrymy01","Myke Henry",0.1,-1.3
"hensojo01","John Henson",4.9,-0.9
"hernaju01","Juancho Hernang<U+00F3>mez",0.4,-3.3
"hernawi01","Willy Hernang<U+00F3>mez",1.8,1.4
"hezonma01","Mario Hezonja",2.3,-0.5
"hicksis01","Isaiah Hicks",0,-7.6
"hieldbu01","Buddy Hield",2.8,1
"hilarne01","Nen<U+00EA>",2.6,-1
"hillge01","George Hill",3.2,-0.8
"hillso01","Solomon Hill",-0.1,-4.8
"hillida01","Darrun Hilliard",0,-7.9
"holidjr01","Jrue Holiday",7.1,1.6
"holidju01","Justin Holiday",1.7,-1.9
"hollajo02","John Holland",-0.2,-5.5
"holliro01","Rondae Hollis-Jefferson",4.1,0.1
"holmeri01","Richaun Holmes",2.8,1.1
"hoodro01","Rodney Hood",2.7,-0.1
"hopsosc01","Scotty Hopson",0,-14
"horfoal01","Al Horford",7.8,4.4
"houseda01","Danuel House Jr.",0.6,-1.6
"howardw01","Dwight Howard",6.8,-0.1
"huestjo01","Josh Huestis",0.5,-3.9
"hunterj01","R.J. Hunter",0,-3.3
"huntevi01","Vince Hunter",0,9.7
"ibakase01","Serge Ibaka",5.1,-0.1
"iguodan01","Andre Iguodala",3.2,-0.3
"ilyaser01","Ersan <U+0130>lyasova",4,-0.6
"inglejo01","Joe Ingles",7.6,2.3
"ingraan01","Andre Ingram",0.2,4.3
"ingrabr01","Brandon Ingram",2.8,-1.2
"irvinky01","Kyrie Irving",8.9,7.3
"isaacjo01","Jonathan Isaac",0.2,-1.4
"iwundwe01","Wes Iwundu",0.7,-4.3
"jackja01","Jarrett Jack",1.2,-2.8
"jacksaa01","Aaron Jackson",0,-8.9
"jacksde01","Demetrius Jackson",-0.1,-5.2
"jacksjo02","Josh Jackson",-0.7,-4.2
"jacksju01","Justin Jackson",1,-3.5
"jacksre01","Reggie Jackson",2,-0.4
"jamesle01","LeBron James",14,8.7
"jamesmi02","Mike James",0.2,-1.5
"jeffeal01","Al Jefferson",1.6,2
"jefferi01","Richard Jefferson",0.1,-4.3
"jennibr01","Brandon Jennings",0.1,-3.4
"jerebjo01","Jonas Jerebko",3.4,0.1
"johnsam01","Amir Johnson",4.1,1
"johnsbr02","Brice Johnson",0.2,-0.4
"johnsda04","Dakari Johnson",0.6,-0.3
"johnsja01","James Johnson",5,1.6
"johnsjo02","Joe Johnson",1,-2.9
"johnsom01","Omari Johnson",0.1,-4.5
"johnsst04","Stanley Johnson",1.8,-2.9
"johnsty01","Tyler Johnson",4.2,-0.3
"johnswe01","Wesley Johnson",1.7,-0.7
"jokicni01","Nikola Joki<U+0107>",10.7,6.9
"jonesda03","Damian Jones",0.1,-7.1
"jonesde02","Derrick Jones Jr.",0.4,-2.7
"jonesja04","Jalen Jones",0.1,-6
"jonesty01","Tyus Jones",3.6,0.8
"jordade01","DeAndre Jordan",9.4,1.4
"josepco01","Cory Joseph",3.1,-1.5
"kaminfr01","Frank Kaminsky",3.6,-0.2
"kennalu01","Luke Kennard",2.6,-0.8
"kiddgmi01","Michael Kidd-Gilchrist",3.3,-2.1
"kilpase01","Sean Kilpatrick",0.1,-2.8
"klebima01","Maxi Kleber",2.8,-0.5
"korkmfu01","Furkan Korkmaz",0,-7.6
"kornelu01","Luke Kornet",0.5,0.2
"korveky01","Kyle Korver",3.4,0.2
"koufoko01","Kosta Koufos",3.9,-0.4
"kuzmaky01","Kyle Kuzma",3.8,-0.7
"kuzmimi01","Mindaugas Kuzminskas",0,-54.7
"labissk01","Skal Labissi<U+00E8>re",1.4,-2.7
"lambje01","Jeremy Lamb",4.9,1.6
"larkish01","Shane Larkin",1.4,-1.7
"lauvejo01","Joffrey Lauvergne",1.3,-1
"lavinza01","Zach LaVine",0.3,-2.3
"laymaja01","Jake Layman",-0.1,-4.3
"leaftj01","T.J. Leaf",0.8,-3.1
"leeco01","Courtney Lee",3.9,-0.3
"leeda03","Damion Lee",0.4,-1.9
"lemonwa01","Walt Lemon Jr.",-0.1,-8.2
"lenal01","Alex Len",4.5,0.3
"leonaka01","Kawhi Leonard",0.9,10.1
"leoname01","Meyers Leonard",1.1,2
"leuerjo01","Jon Leuer",0.1,-4.6
"leverca01","Caris LeVert",2.3,-0.8
"liggide01","DeAndre Liggins",0.5,-2.5
"lillada01","Damian Lillard",12.6,7.2
"linje01","Jeremy Lin",0,-5.4
"livinsh01","Shaun Livingston",1.8,-3.1
"looneke01","Kevon Looney",2.8,-0.2
"lopezbr01","Brook Lopez",3.8,0.9
"lopezro01","Robin Lopez",1.9,-2.2
"loveke01","Kevin Love",6.4,3.3
"lowryky01","Kyle Lowry",10.2,5.2
"luwawti01","Timoth<U+00E9> Luwawu-Cabarrot",0.8,-4.1
"lylestr01","Trey Lyles",3.9,1.3
"macksh01","Shelvin Mack",1.9,-1.4
"magetjo01","Josh Magette",0.4,-2.6
"mahinia01","Ian Mahinmi",2.2,-4.4
"makerth01","Thon Maker",1.5,-3.5
"marjabo01","Boban Marjanovi<U+0107>",1.5,2.5
"markkla01","Lauri Markkanen",3.3,-0.2
"martija01","Jarell Martin",1.3,-4
"masonfr01","Frank Mason III",0.5,-2.3
"mathima01","Mangok Mathiang",0.1,-4.6
"matthwe02","Wesley Matthews",2.6,-0.9
"mbahalu01","Luc Mbah a Moute",2.8,-0.2
"mcadoja01","James Michael McAdoo",0,-3
"mccawpa01","Patrick McCaw",0.6,-4.1
"mccolcj01","CJ McCollum",6.6,1.2
"mccontj01","T.J. McConnell",3.8,0
"mccreer01","Erik McCree",-0.1,-13.7
"mcculch01","Chris McCullough",0.2,-1.8
"mcderdo01","Doug McDermott",2.3,-2.2
"mcgeeja01","JaVale McGee",2.7,1.5
"mcgruro01","Rodney McGruder",0.8,-1.4
"mckinal01","Alfonzo McKinnie",0.1,-3
"mclembe01","Ben McLemore",0.5,-3.9
"mcrobjo01","Josh McRoberts",0,-21.4
"meeksjo01","Jodie Meeks",2,-1.1
"mejrisa01","Salah Mejri",2.7,0.7
"mickejo01","Jordan Mickey",0.3,-5.6
"middlkh01","Khris Middleton",6.9,0
"milescj01","C.J. Miles",2.9,0.3
"milleda01","Darius Miller",3,-1.9
"millema01","Malcolm Miller",0.2,-1
"millspa02","Patty Mills",4.1,-1
"millspa01","Paul Millsap",2.5,0.4
"mirotni01","Nikola Miroti<U+0107>",4,2.2
"mitchdo01","Donovan Mitchell",5.2,1.2
"mitrona01","Naz Mitrou-Long",0.1,242.2
"monkma01","Malik Monk",0,-3.4
"monrogr01","Greg Monroe",3.4,2.2
"montelu01","Luis Montero",-0.1,-25.6
"mooreet01","E'Twaun Moore",4.4,-1.6
"moreler01","Eric Moreland",2.3,0.5
"morrija01","Jaylen Morris",-0.1,-5.4
"morrima03","Marcus Morris",3.2,-0.1
"morrima02","Markieff Morris",3.3,-1.3
"morrimo01","Monte Morris",0.2,9.4
"motlejo01","Johnathan Motley",0.3,-3.3
"mozgoti01","Timofey Mozgov",0.4,-3.9
"mudiaem01","Emmanuel Mudiay",0,-3.9
"muhamsh01","Shabazz Muhammad",0.7,-2.5
"munfoxa02","Xavier Munford",-0.1,-11.3
"murrade01","Dejounte Murray",3.2,0.5
"murraja01","Jamal Murray",5.5,-0.3
"muscami01","Mike Muscala",2.4,0.3
"naderab01","Abdel Nader",-0.1,-5.3
"nancela02","Larry Nance Jr.",5.8,2.4
"napiesh01","Shabazz Napier",3.2,0.7
"nelsoja01","Jameer Nelson",0.6,-3.3
"netora01","Raul Neto",0.9,-1.4
"niangge01","Georges Niang",0,-4
"noahjo01","Joakim Noah",0.1,-0.8
"noelne01","Nerlens Noel",1.3,0.5
"noguelu01","Lucas Nogueira",1.6,5.2
"nowitdi01","Dirk Nowitzki*",4.8,2.3
"ntilila01","Frank Ntilikina",-0.9,-5
"nurkiju01","Jusuf Nurki<U+0107>",4.7,0
"nwabada01","David Nwaba",2.4,-2.5
"obryajo01","Johnny O'Bryant",0.3,-4.4
"onealro01","Royce O'Neale",2.4,-0.2
"oquinky01","Kyle O'Quinn",4.8,3.1
"ojelese01","Semi Ojeleye",1.2,-4.7
"okafoem01","Emeka Okafor",1,-1.2
"okafoja01","Jahlil Okafor",0.6,-1.7
"oladivi01","Victor Oladipo",8.2,5.8
"olynyke01","Kelly Olynyk",5.5,2.3
"onuakch01","Chinanu Onuaku",-0.1,-14.7
"osmande01","Cedi Osman",0.9,-2.9
"oubreke01","Kelly Oubre Jr.",3.7,-1.7
"pachuza01","Zaza Pachulia",3.3,0
"paigema01","Marcus Paige",0,-8.8
"papagge01","Georgios Papagiannis",0,-4.1
"parkeja01","Jabari Parker",1.2,-0.8
"parketo01","Tony Parker*",1.4,-3.3
"parsoch01","Chandler Parsons",1.1,0.8
"pattepa01","Patrick Patterson",2.6,-0.2
"pattoju01","Justin Patton",0,3.2
"paulbr01","Brandon Paul",0.5,-3.5
"paulch01","Chris Paul",10.2,7.1
"paynead01","Adreian Payne",0.2,2.4
"payneca01","Cameron Payne",0.8,-0.4
"paytoel01","Elfrid Payton",2.8,-0.2
"paytoga02","Gary Payton II",0.2,-3.9
"perkike01","Kendrick Perkins",0,-2.2
"perralo01","London Perrantes",-0.1,-9.2
"peteral01","Alec Peters",0.3,-2.8
"plumlma02","Marshall Plumlee",0.2,-4.5
"plumlma01","Mason Plumlee",3.6,0.5
"plumlmi01","Miles Plumlee",0.9,-3.8
"poeltja01","Jakob Poeltl",5.6,0.4
"pondequ01","Quincy Pondexter",-0.2,-7.4
"porteot01","Otto Porter Jr.",8.1,3.5
"portibo01","Bobby Portis",3.5,0.8
"porzikr01","Kristaps Porzi<U+0146><U+0123>is",3.2,1.8
"poweldw01","Dwight Powell",6.6,1.6
"powelno01","Norman Powell",0.6,-2.9
"poythal01","Alex Poythress",0.1,-5.1
"princta02","Taurean Prince",2,-1.1
"pulleja01","Jacob Pullen",0,-12.7
"purviro01","Rodney Purvis",-0.3,-8.2
"qizh01","Zhou Qi",-0.3,-10.1
"quartti01","Tim Quarterman",0,-9.7
"rabbiv01","Ivan Rabb",1.2,-2
"randlju01","Julius Randle",6.6,0.6
"randoza01","Zach Randolph",1.5,-1
"rathaxa01","Xavier Rathan-Mayes",-0.4,-11.5
"redicjj01","JJ Redick",6.6,1.1
"reedda01","Davon Reed",-0.3,-6.4
"reedwi02","Willie Reed",1.5,0.8
"richajo01","Josh Richardson",5.4,0.7
"richama01","Malachi Richardson",-0.1,-6
"riverau01","Austin Rivers",2.4,-1.2
"roberan03","Andre Roberson",2.2,-0.1
"robinde01","Devin Robinson",0,-2.1
"robingl02","Glenn Robinson III",0.6,-0.7
"rondora01","Rajon Rondo",3.6,-0.3
"rosede01","Derrick Rose",-0.2,-5.4
"rosste01","Terrence Ross",0.3,-2.7
"roziete01","Terry Rozier",5.6,2.1
"rubiori01","Ricky Rubio",5.3,0.7
"russeda01","D'Angelo Russell",0.4,-1.2
"sabondo01","Domantas Sabonis",4.7,-1.1
"sampsja02","JaKarr Sampson",0.8,-1.2
"saricda01","Dario <U+0160>ari<U+0107>",6.6,1.3
"satorto01","Tom<U+00E1><U+0161> Satoransk<U+00FD>",5,1.2
"schrode01","Dennis Schr<U+00F6>der",2.6,-0.6
"scottmi01","Mike Scott",2.5,-1.7
"sefolth01","Thabo Sefolosha",2.6,2.7
"seldewa01","Wayne Selden",0.3,-3.1
"sessira01","Ramon Sessions",0.3,-3.2
"shumpim01","Iman Shumpert",0,-3.3
"siakapa01","Pascal Siakam",4.7,1.3
"silasxa01","Xavier Silas",0,-8.1
"simmobe01","Ben Simmons",9.2,4.5
"simmojo02","Jonathon Simmons",1.9,-3.1
"simmoko01","Kobi Simmons",-0.2,-6.9
"singlky01","Kyle Singler",0,-6.7
"smartma01","Marcus Smart",1.9,-1.2
"smithde03","Dennis Smith Jr.",-0.7,-2.4
"smithis01","Ish Smith",4.4,0
"smithjr01","J.R. Smith",1.4,-3
"smithja02","Jason Smith",0,-6.4
"smithjo03","Josh Smith",0,-14.6
"snellto01","Tony Snell",2.4,-2.3
"speigma01","Marreese Speights",0.6,-1.1
"stausni01","Nik Stauskas",0.3,-2.3
"stephla01","Lance Stephenson",1.8,-1.8
"stockda01","David Stockton",0.1,7.9
"stoneju01","Julyan Stone",0.3,-1.3
"sumneed01","Edmond Sumner",0,6.9
"swanica01","Caleb Swanigan",0,-5.5
"tatumja01","Jayson Tatum",7.1,1.2
"taylois01","Isaiah Taylor",0.6,-4.4
"teaguje01","Jeff Teague",4.9,0.4
"teaguma01","Marquis Teague",-0.1,-5.7
"teletmi01","Mirza Teletovi<U+0107>",0.3,0.4
"templga01","Garrett Temple",1.2,-2.5
"teodomi01","Milo<U+0161> Teodosi<U+0107>",1.4,-1.7
"terryja01","Jason Terry",0.7,-2
"theisda01","Daniel Theis",3.5,0.3
"thomais02","Isaiah Thomas",0.2,-4.9
"thomala01","Lance Thomas",0.9,-3.7
"thompkl01","Klay Thompson",4.9,-0.4
"thomptr01","Tristan Thompson",2.5,-2.9
"thornsi01","Sindarius Thornwell",1,-2.4
"tollian01","Anthony Tolliver",5.3,0.9
"townska01","Karl-Anthony Towns",14,5.1
"tuckepj01","P.J. Tucker",3.9,-1.1
"turneev01","Evan Turner",2.6,-2.5
"turnemy01","Myles Turner",4.7,-0.2
"udohek01","Ekpe Udoh",3.2,3.1
"ulisty01","Tyler Ulis",-0.2,-4.4
"valanjo01","Jonas Valan<U+010D>i<U+016B>nas",7.6,2.4
"valende01","Denzel Valentine",2.5,-1
"vanvlfr01","Fred VanVleet",4.7,2.4
"vaughra01","Rashad Vaughn",0.2,-2.6
"vonleno01","Noah Vonleh",1.6,-1.3
"vucevni01","Nikola Vu<U+010D>evi<U+0107>",3.6,2.7
"wadedw01","Dwyane Wade*",1.1,-1
"waitedi01","Dion Waiters",0.1,-3.5
"walkeke02","Kemba Walker",8.6,4
"walljo01","John Wall",2.7,3
"wallaty01","Tyrone Wallace",0.7,-3.5
"waltode01","Derrick Walton",0.4,1.3
"warneja01","Jameel Warney",0.1,-0.2
"warretj01","T.J. Warren",3.4,-0.7
"weartr01","Travis Wear",0.2,-3.7
"webbja01","James Webb III",-0.1,-8.3
"weberbr01","Briante Weber",0.4,-1.3
"westda01","David West",3.5,3.1
"westbru01","Russell Westbrook",10.1,6.3
"whitean01","Andrew White",-0.1,-5.5
"whitede01","Derrick White",0.5,2.3
"whiteok01","Okaro White",0.2,-0.7
"whiteis01","Isaiah Whitehead",-0.1,-3.8
"whiteha01","Hassan Whiteside",5.3,2.6
"wiggian01","Andrew Wiggins",2.1,-2.4
"wileyja01","Jacob Wiley",0.1,-2.3
"wilkida02","Damien Wilkins",-0.1,-6.1
"willial03","Alan Williams",0,-5
"willicj01","C.J. Williams",0.7,-2.1
"willide02","Derrick Williams",0,-16.8
"willilo02","Lou Williams",6.7,2.3
"willima02","Marvin Williams",5,1
"willima05","Matt Williams",0,-11.2
"willitr02","Troy Williams",0.5,-0.5
"wilsodj01","D.J. Wilson",0.1,-2
"wilsoja02","Jamil Wilson",0.5,0.2
"winslju01","Justise Winslow",2.6,-1.1
"witheje01","Jeff Withey",0,-5
"woltena01","Nate Wolters",-0.1,-12.8
"wrighbr03","Brandan Wright",1.3,2.1
"wrighde01","Delon Wright",4.5,3.3
"yabusgu01","Guerschon Yabusele",0.6,-1.2
"youngja01","James Young",0.1,-6.9
"youngjo01","Joe Young",0.5,-3.5
"youngni01","Nick Young",1.7,-3.5
"youngth01","Thaddeus Young",5.5,0.2
"zelleco01","Cody Zeller",1.9,-1.2
"zellety01","Tyler Zeller",2.9,-1.4
"zipsepa01","Paul Zipser",-0.6,-6.1
"zizican01","Ante <U+017D>i<U+017E>i<U+0107>",1,1
"zubaciv01","Ivica Zubac",1,-2
