"source_excel_row","player_id","Tm","season_record_selected"
2,"abrinal01","OKC",TRUE
3,"acyqu01","BRK",TRUE
4,"adamsst01","OKC",TRUE
5,"adebaba01","MIA",TRUE
6,"afflaar01","ORL",TRUE
7,"aldrico01","MIN",TRUE
8,"aldrila01","SAS",TRUE
9,"allenja01","BRK",TRUE
10,"allenka01","BOS",TRUE
11,"allento01","NOP",TRUE
12,"aminual01","POR",TRUE
13,"anderju01","PHI",TRUE
14,"anderky01","SAS",TRUE
15,"anderry01","HOU",TRUE
16,"anigbik01","IND",TRUE
17,"antetgi01","MIL",TRUE
18,"anthoca01","OKC",TRUE
19,"anunoog01","TOR",TRUE
20,"arcidry01","CHI",TRUE
21,"arizatr01","HOU",TRUE
22,"arthuda01","DEN",TRUE
23,"artisja01","ORL",TRUE
24,"asikom01","TOT",TRUE
25,"asikom01","NOP",FALSE
26,"asikom01","CHI",FALSE
27,"augusdj01","ORL",TRUE
28,"babbilu01","TOT",TRUE
29,"babbilu01","ATL",FALSE
30,"babbilu01","MIA",FALSE
31,"bacondw01","CHO",TRUE
32,"bakerro01","NYK",TRUE
33,"baldwwa01","POR",TRUE
34,"balllo01","LAL",TRUE
35,"bareajo01","DAL",TRUE
36,"barneha02","DAL",TRUE
37,"bartowi01","DEN",TRUE
38,"batumni01","CHO",TRUE
39,"bayleje01","PHI",TRUE
40,"baynear01","BOS",TRUE
41,"bazemke01","ATL",TRUE
42,"bealbr01","WAS",TRUE
43,"beaslma01","DEN",TRUE
44,"beaslmi01","NYK",TRUE
45,"belinma01","TOT",TRUE
46,"belinma01","ATL",FALSE
47,"belinma01","PHI",FALSE
48,"belljo01","GSW",TRUE
49,"bembrde01","ATL",TRUE
50,"bendedr01","PHO",TRUE
51,"bertada01","SAS",TRUE
52,"beverpa01","LAC",TRUE
53,"birchkh01","ORL",TRUE
54,"birdja01","BOS",TRUE
55,"biyombi01","ORL",TRUE
56,"bjeline01","MIN",TRUE
57,"blackta01","HOU",TRUE
58,"blakean01","CHI",TRUE
59,"bledser01","TOT",TRUE
60,"bledser01","PHO",FALSE
61,"bledser01","MIL",FALSE
62,"blueva01","LAL",TRUE
63,"bogdabo01","SAC",TRUE
64,"bogdabo02","IND",TRUE
65,"bogutan01","LAL",TRUE
66,"bolomjo01","MIL",TRUE
67,"bookede01","PHO",TRUE
68,"booketr01","TOT",TRUE
69,"booketr01","BRK",FALSE
70,"booketr01","PHI",FALSE
71,"booketr01","IND",FALSE
72,"bouchch01","GSW",TRUE
73,"bradlav01","TOT",TRUE
74,"bradlav01","DET",FALSE
75,"bradlav01","LAC",FALSE
76,"bradlto01","UTA",TRUE
77,"breweco01","TOT",TRUE
78,"breweco01","LAL",FALSE
79,"breweco01","OKC",FALSE
80,"brogdma01","MIL",TRUE
81,"brookaa01","MIN",TRUE
82,"brookdi01","MEM",TRUE
83,"brookma01","MEM",TRUE
84,"brownan02","MIN",TRUE
85,"brownbo02","HOU",TRUE
86,"brownja02","BOS",TRUE
87,"brownlo01","TOR",TRUE
88,"brownma02","HOU",TRUE
89,"brownst02","MIL",TRUE
90,"brussni01","ATL",TRUE
91,"bryanth01","LAL",TRUE
92,"bullore01","DET",TRUE
93,"burketr01","NYK",TRUE
94,"burksal01","UTA",TRUE
95,"butleji01","MIN",TRUE
96,"buyckdw01","DET",TRUE
97,"cabocbr01","TOT",TRUE
98,"cabocbr01","TOR",FALSE
99,"cabocbr01","SAC",FALSE
100,"caldejo01","CLE",TRUE
101,"caldwke01","LAL",TRUE
102,"canaais01","TOT",TRUE
103,"canaais01","HOU",FALSE
104,"canaais01","PHO",FALSE
105,"capelca01","HOU",TRUE
106,"carrode01","BRK",TRUE
107,"cartevi01","SAC",TRUE
108,"cartemi01","CHO",TRUE
109,"carusal01","LAL",TRUE
110,"casspom01","GSW",TRUE
111,"caulewi01","SAC",TRUE
112,"cavanty01","ATL",TRUE
113,"chalmma01","MEM",TRUE
114,"chandty01","PHO",TRUE
115,"chandwi01","DEN",TRUE
116,"chrisma01","PHO",TRUE
117,"clarkia01","NOP",TRUE
118,"clarkjo01","TOT",TRUE
119,"clarkjo01","LAL",FALSE
120,"clarkjo01","CLE",FALSE
121,"clavegi01","DAL",TRUE
122,"clevean01","TOT",TRUE
123,"clevean01","DAL",FALSE
124,"clevean01","ATL",FALSE
125,"collijo01","ATL",TRUE
126,"colliza01","POR",TRUE
127,"colliky01","DAL",TRUE
128,"collida01","IND",TRUE
129,"collini01","OKC",TRUE
130,"conlemi01","MEM",TRUE
131,"connapa01","POR",TRUE
132,"cookqu01","GSW",TRUE
133,"cookech01","NOP",TRUE
134,"cooleja01","SAC",TRUE
135,"costema01","SAS",TRUE
136,"couside01","NOP",TRUE
137,"covinro01","PHI",TRUE
138,"crabbal01","BRK",TRUE
139,"craigto01","DEN",TRUE
140,"crawfja01","MIN",TRUE
141,"crawfjo02","NOP",TRUE
142,"crowdja01","TOT",TRUE
143,"crowdja01","CLE",FALSE
144,"crowdja01","UTA",FALSE
145,"cunnida01","TOT",TRUE
146,"cunnida01","NOP",FALSE
147,"cunnida01","BRK",FALSE
148,"curryst01","GSW",TRUE
149,"danietr01","PHO",TRUE
150,"davisan02","NOP",TRUE
151,"davisde01","MEM",TRUE
152,"davised01","POR",TRUE
153,"dedmode01","ATL",TRUE
154,"dekkesa01","LAC",TRUE
155,"delanma01","ATL",TRUE
156,"dellama01","MIL",TRUE
157,"denglu01","LAL",TRUE
158,"derozde01","TOR",TRUE
159,"diallch01","NOP",TRUE
160,"dienggo01","MIN",TRUE
161,"dinwisp01","BRK",TRUE
162,"dorsety01","ATL",TRUE
163,"dotsoda01","NYK",TRUE
164,"doylemi01","BRK",TRUE
165,"doziepj01","OKC",TRUE
166,"dragigo01","MIA",TRUE
167,"drewla02","TOT",TRUE
168,"drewla02","PHI",FALSE
169,"drewla02","NOP",FALSE
170,"drumman01","DET",TRUE
171,"dudleja01","PHO",TRUE
172,"dunnkr01","CHI",TRUE
173,"duranke01","GSW",TRUE
174,"eddieja01","TOT",TRUE
175,"eddieja01","BOS",FALSE
176,"eddieja01","CHI",FALSE
177,"ellenhe01","DET",TRUE
178,"ellinwa01","MIA",TRUE
179,"embiijo01","PHI",TRUE
180,"ennisja01","TOT",TRUE
181,"ennisja01","MEM",FALSE
182,"ennisja01","DET",FALSE
183,"ennisty01","LAL",TRUE
184,"evansja01","LAC",TRUE
185,"evansje01","ATL",TRUE
186,"evansty01","MEM",TRUE
187,"exumda01","UTA",TRUE
188,"farieke01","DEN",TRUE
189,"favorde01","UTA",TRUE
190,"feldeka01","TOT",TRUE
191,"feldeka01","CHI",FALSE
192,"feldeka01","DET",FALSE
193,"feliccr01","CHI",TRUE
194,"feltora01","OKC",TRUE
195,"fergute01","OKC",TRUE
196,"ferreyo01","DAL",TRUE
197,"finnedo01","DAL",TRUE
198,"forbebr01","SAS",TRUE
199,"fournev01","ORL",TRUE
200,"foxde01","SAC",TRUE
201,"fraziti01","WAS",TRUE
202,"kanteen01","NYK",TRUE
203,"fryech01","TOT",TRUE
204,"fryech01","CLE",FALSE
205,"fryech01","LAL",FALSE
206,"fultzma01","PHI",TRUE
207,"gallida01","LAC",TRUE
208,"gallola01","DET",TRUE
209,"gasolma01","MEM",TRUE
210,"gasolpa01","SAS",TRUE
211,"gayru01","SAS",TRUE
212,"georgpa01","OKC",TRUE
213,"georgma01","MIN",TRUE
214,"gibsojo01","BOS",TRUE
215,"gibsota01","MIN",TRUE
216,"ginobma01","SAS",TRUE
217,"goberru01","UTA",TRUE
218,"gordoaa01","ORL",TRUE
219,"gordoer01","HOU",TRUE
220,"gortama01","WAS",TRUE
221,"grahatr01","CHO",TRUE
222,"grantje01","OKC",TRUE
223,"grantje02","CHI",TRUE
224,"grayjo01","PHO",TRUE
225,"greenda02","SAS",TRUE
226,"greendr01","GSW",TRUE
227,"greenge01","HOU",TRUE
228,"greenja01","MEM",TRUE
229,"greenje02","CLE",TRUE
230,"griffbl01","TOT",TRUE
231,"griffbl01","LAC",FALSE
232,"griffbl01","DET",FALSE
233,"hamilda02","OKC",TRUE
234,"hardati02","NYK",TRUE
235,"hardeja01","HOU",TRUE
236,"harklma01","POR",TRUE
237,"harremo01","LAC",TRUE
238,"harride01","TOT",TRUE
239,"harride01","DAL",FALSE
240,"harride01","DEN",FALSE
241,"harriga01","DEN",TRUE
242,"harrijo01","BRK",TRUE
243,"harrito02","TOT",TRUE
244,"harrito02","DET",FALSE
245,"harrito02","LAC",FALSE
246,"harriaa01","DAL",TRUE
247,"harrian01","MEM",TRUE
248,"harrish01","PHO",TRUE
249,"hartjo01","LAL",TRUE
250,"hasleud01","MIA",TRUE
251,"hayesni01","TOT",TRUE
252,"hayesni01","LAL",FALSE
253,"hayesni01","TOR",FALSE
254,"hayesni01","SAC",FALSE
255,"haywago01","BOS",TRUE
256,"hearnre01","DET",TRUE
257,"henrymy01","MEM",TRUE
258,"hensojo01","MIL",TRUE
259,"hernaju01","DEN",TRUE
260,"hernawi01","TOT",TRUE
261,"hernawi01","NYK",FALSE
262,"hernawi01","CHO",FALSE
263,"hezonma01","ORL",TRUE
264,"hicksis01","NYK",TRUE
265,"hieldbu01","SAC",TRUE
266,"hilarne01","HOU",TRUE
267,"hillge01","TOT",TRUE
268,"hillge01","SAC",FALSE
269,"hillge01","CLE",FALSE
270,"hillso01","NOP",TRUE
271,"hillida01","SAS",TRUE
272,"holidjr01","NOP",TRUE
273,"holidju01","CHI",TRUE
274,"hollajo02","CLE",TRUE
275,"holliro01","BRK",TRUE
276,"holmeri01","PHI",TRUE
277,"hoodro01","TOT",TRUE
278,"hoodro01","UTA",FALSE
279,"hoodro01","CLE",FALSE
280,"hopsosc01","DAL",TRUE
281,"horfoal01","BOS",TRUE
282,"houseda01","PHO",TRUE
283,"howardw01","CHO",TRUE
284,"huestjo01","OKC",TRUE
285,"hunterj01","HOU",TRUE
286,"huntevi01","MEM",TRUE
287,"ibakase01","TOR",TRUE
288,"iguodan01","GSW",TRUE
289,"ilyaser01","TOT",TRUE
290,"ilyaser01","ATL",FALSE
291,"ilyaser01","PHI",FALSE
292,"inglejo01","UTA",TRUE
293,"ingraan01","LAL",TRUE
294,"ingrabr01","LAL",TRUE
295,"irvinky01","BOS",TRUE
296,"isaacjo01","ORL",TRUE
297,"iwundwe01","ORL",TRUE
298,"jackja01","NYK",TRUE
299,"jacksaa01","HOU",TRUE
300,"jacksde01","TOT",TRUE
301,"jacksde01","HOU",FALSE
302,"jacksde01","PHI",FALSE
303,"jacksjo02","PHO",TRUE
304,"jacksju01","SAC",TRUE
305,"jacksre01","DET",TRUE
306,"jamesle01","CLE",TRUE
307,"jamesmi02","TOT",TRUE
308,"jamesmi02","PHO",FALSE
309,"jamesmi02","NOP",FALSE
310,"jeffeal01","IND",TRUE
311,"jefferi01","DEN",TRUE
312,"jennibr01","MIL",TRUE
313,"jerebjo01","UTA",TRUE
314,"johnsam01","PHI",TRUE
315,"johnsbr02","TOT",TRUE
316,"johnsbr02","LAC",FALSE
317,"johnsbr02","MEM",FALSE
318,"johnsda04","OKC",TRUE
319,"johnsja01","MIA",TRUE
320,"johnsjo02","TOT",TRUE
321,"johnsjo02","UTA",FALSE
322,"johnsjo02","HOU",FALSE
323,"johnsom01","MEM",TRUE
324,"johnsst04","DET",TRUE
325,"johnsty01","MIA",TRUE
326,"johnswe01","LAC",TRUE
327,"jokicni01","DEN",TRUE
328,"jonesda03","GSW",TRUE
329,"jonesde02","TOT",TRUE
330,"jonesde02","PHO",FALSE
331,"jonesde02","MIA",FALSE
332,"jonesja04","TOT",TRUE
333,"jonesja04","NOP",FALSE
334,"jonesja04","DAL",FALSE
335,"jonesty01","MIN",TRUE
336,"jordade01","LAC",TRUE
337,"josepco01","IND",TRUE
338,"kaminfr01","CHO",TRUE
339,"kennalu01","DET",TRUE
340,"kiddgmi01","CHO",TRUE
341,"kilpase01","TOT",TRUE
342,"kilpase01","BRK",FALSE
343,"kilpase01","MIL",FALSE
344,"kilpase01","LAC",FALSE
345,"kilpase01","CHI",FALSE
346,"klebima01","DAL",TRUE
347,"korkmfu01","PHI",TRUE
348,"kornelu01","NYK",TRUE
349,"korveky01","CLE",TRUE
350,"koufoko01","SAC",TRUE
351,"kuzmaky01","LAL",TRUE
352,"kuzmimi01","NYK",TRUE
353,"labissk01","SAC",TRUE
354,"lambje01","CHO",TRUE
355,"larkish01","BOS",TRUE
356,"lauvejo01","SAS",TRUE
357,"lavinza01","CHI",TRUE
358,"laymaja01","POR",TRUE
359,"leaftj01","IND",TRUE
360,"leeco01","NYK",TRUE
361,"leeda03","ATL",TRUE
362,"lemonwa01","NOP",TRUE
363,"lenal01","PHO",TRUE
364,"leonaka01","SAS",TRUE
365,"leoname01","POR",TRUE
366,"leuerjo01","DET",TRUE
367,"leverca01","BRK",TRUE
368,"liggide01","TOT",TRUE
369,"liggide01","MIL",FALSE
370,"liggide01","NOP",FALSE
371,"lillada01","POR",TRUE
372,"linje01","BRK",TRUE
373,"livinsh01","GSW",TRUE
374,"looneke01","GSW",TRUE
375,"lopezbr01","LAL",TRUE
376,"lopezro01","CHI",TRUE
377,"loveke01","CLE",TRUE
378,"lowryky01","TOR",TRUE
379,"luwawti01","PHI",TRUE
380,"lydonty01","DEN",TRUE
381,"lylestr01","DEN",TRUE
382,"macksh01","ORL",TRUE
383,"magetjo01","ATL",TRUE
384,"mahinia01","WAS",TRUE
385,"makerth01","MIL",TRUE
386,"marjabo01","TOT",TRUE
387,"marjabo01","DET",FALSE
388,"marjabo01","LAC",FALSE
389,"markkla01","CHI",TRUE
390,"martija01","MEM",TRUE
391,"masonfr01","SAC",TRUE
392,"mathima01","CHO",TRUE
393,"matthwe02","DAL",TRUE
394,"mbahalu01","HOU",TRUE
395,"mcadoja01","PHI",TRUE
396,"mccawpa01","GSW",TRUE
397,"mccolcj01","POR",TRUE
398,"mccontj01","PHI",TRUE
399,"mccreer01","UTA",TRUE
400,"mcculch01","WAS",TRUE
401,"mcderdo01","TOT",TRUE
402,"mcderdo01","NYK",FALSE
403,"mcderdo01","DAL",FALSE
404,"mcgeeja01","GSW",TRUE
405,"mcgruro01","MIA",TRUE
406,"mckintr01","IND",TRUE
407,"mckinal01","TOR",TRUE
408,"mclembe01","MEM",TRUE
409,"mcrobjo01","DAL",TRUE
410,"meeksjo01","WAS",TRUE
411,"mejrisa01","DAL",TRUE
412,"mickejo01","MIA",TRUE
413,"middlkh01","MIL",TRUE
414,"milescj01","TOR",TRUE
415,"milleda01","NOP",TRUE
416,"millema01","TOR",TRUE
417,"millspa02","SAS",TRUE
418,"millspa01","DEN",TRUE
419,"mirotni01","TOT",TRUE
420,"mirotni01","CHI",FALSE
421,"mirotni01","NOP",FALSE
422,"mitchdo01","UTA",TRUE
423,"mitrona01","UTA",TRUE
424,"monkma01","CHO",TRUE
425,"monrogr01","TOT",TRUE
426,"monrogr01","MIL",FALSE
427,"monrogr01","PHO",FALSE
428,"monrogr01","BOS",FALSE
429,"montelu01","DET",TRUE
430,"moorebe01","IND",TRUE
431,"mooreet01","NOP",TRUE
432,"moreler01","DET",TRUE
433,"morrija01","ATL",TRUE
434,"morrima03","BOS",TRUE
435,"morrima02","WAS",TRUE
436,"morrimo01","DEN",TRUE
437,"motlejo01","DAL",TRUE
438,"mozgoti01","BRK",TRUE
439,"mudiaem01","TOT",TRUE
440,"mudiaem01","DEN",FALSE
441,"mudiaem01","NYK",FALSE
442,"muhamsh01","TOT",TRUE
443,"muhamsh01","MIN",FALSE
444,"muhamsh01","MIL",FALSE
445,"munfoxa02","MIL",TRUE
446,"murrade01","SAS",TRUE
447,"murraja01","DEN",TRUE
448,"muscami01","ATL",TRUE
449,"naderab01","BOS",TRUE
450,"nancela02","TOT",TRUE
451,"nancela02","LAL",FALSE
452,"nancela02","CLE",FALSE
453,"napiesh01","POR",TRUE
454,"nelsoja01","TOT",TRUE
455,"nelsoja01","NOP",FALSE
456,"nelsoja01","DET",FALSE
457,"netora01","UTA",TRUE
458,"niangge01","UTA",TRUE
459,"noahjo01","NYK",TRUE
460,"noelne01","DAL",TRUE
461,"noguelu01","TOR",TRUE
462,"nowitdi01","DAL",TRUE
463,"ntilila01","NYK",TRUE
464,"nurkiju01","POR",TRUE
465,"nwabada01","CHI",TRUE
466,"obryajo01","CHO",TRUE
467,"onealro01","UTA",TRUE
468,"oquinky01","NYK",TRUE
469,"ojelese01","BOS",TRUE
470,"okafoem01","NOP",TRUE
471,"okafoja01","TOT",TRUE
472,"okafoja01","PHI",FALSE
473,"okafoja01","BRK",FALSE
474,"oladivi01","IND",TRUE
475,"olynyke01","MIA",TRUE
476,"onuakch01","HOU",TRUE
477,"osmande01","CLE",TRUE
478,"oubreke01","WAS",TRUE
479,"pachuza01","GSW",TRUE
480,"paigema01","CHO",TRUE
481,"papagge01","TOT",TRUE
482,"papagge01","SAC",FALSE
483,"papagge01","POR",FALSE
484,"parkeja01","MIL",TRUE
485,"parketo01","SAS",TRUE
486,"parsoch01","MEM",TRUE
487,"pattepa01","OKC",TRUE
488,"pattoju01","MIN",TRUE
489,"paulbr01","SAS",TRUE
490,"paulch01","HOU",TRUE
491,"paynead01","ORL",TRUE
492,"payneca01","CHI",TRUE
493,"paytoel01","TOT",TRUE
494,"paytoel01","ORL",FALSE
495,"paytoel01","PHO",FALSE
496,"paytoga02","TOT",TRUE
497,"paytoga02","MIL",FALSE
498,"paytoga02","LAL",FALSE
499,"perkike01","CLE",TRUE
500,"perralo01","CLE",TRUE
501,"peteral01","PHO",TRUE
502,"plumlma02","MIL",TRUE
503,"plumlma01","DEN",TRUE
504,"plumlmi01","ATL",TRUE
505,"poeltja01","TOR",TRUE
506,"pondequ01","CHI",TRUE
507,"porteot01","WAS",TRUE
508,"portibo01","CHI",TRUE
509,"porzikr01","NYK",TRUE
510,"poweldw01","DAL",TRUE
511,"powelno01","TOR",TRUE
512,"poythal01","IND",TRUE
513,"princta02","ATL",TRUE
514,"pulleja01","PHI",TRUE
515,"purviro01","ORL",TRUE
516,"qizh01","HOU",TRUE
517,"quartti01","HOU",TRUE
518,"rabbiv01","MEM",TRUE
519,"randlju01","LAL",TRUE
520,"randoza01","SAC",TRUE
521,"rathaxa01","MEM",TRUE
522,"redicjj01","PHI",TRUE
523,"reedda01","PHO",TRUE
524,"reedwi02","TOT",TRUE
525,"reedwi02","LAC",FALSE
526,"reedwi02","DET",FALSE
527,"richajo01","MIA",TRUE
528,"richama01","TOT",TRUE
529,"richama01","SAC",FALSE
530,"richama01","TOR",FALSE
531,"riverau01","LAC",TRUE
532,"roberan03","OKC",TRUE
533,"robinde01","WAS",TRUE
534,"robingl02","IND",TRUE
535,"rondora01","NOP",TRUE
536,"rosede01","TOT",TRUE
537,"rosede01","CLE",FALSE
538,"rosede01","MIN",FALSE
539,"rosste01","ORL",TRUE
540,"roziete01","BOS",TRUE
541,"rubiori01","UTA",TRUE
542,"russeda01","BRK",TRUE
543,"sabondo01","IND",TRUE
544,"sampsja02","SAC",TRUE
545,"saricda01","PHI",TRUE
546,"satorto01","WAS",TRUE
547,"schrode01","ATL",TRUE
548,"scottmi01","WAS",TRUE
549,"sefolth01","UTA",TRUE
550,"seldewa01","MEM",TRUE
551,"sessira01","TOT",TRUE
552,"sessira01","NYK",FALSE
553,"sessira01","WAS",FALSE
554,"shumpim01","CLE",TRUE
555,"siakapa01","TOR",TRUE
556,"silasxa01","BOS",TRUE
557,"simmobe01","PHI",TRUE
558,"simmojo02","ORL",TRUE
559,"simmoko01","MEM",TRUE
560,"singlky01","OKC",TRUE
561,"smartma01","BOS",TRUE
562,"smithde03","DAL",TRUE
563,"smithis01","DET",TRUE
564,"smithjr01","CLE",TRUE
565,"smithja02","WAS",TRUE
566,"smithjo03","NOP",TRUE
567,"snellto01","MIL",TRUE
568,"speigma01","ORL",TRUE
569,"stausni01","TOT",TRUE
570,"stausni01","PHI",FALSE
571,"stausni01","BRK",FALSE
572,"stephla01","IND",TRUE
573,"stockda01","UTA",TRUE
574,"stoneju01","CHO",TRUE
575,"sumneed01","IND",TRUE
576,"swanica01","POR",TRUE
577,"tatumja01","BOS",TRUE
578,"taylois01","ATL",TRUE
579,"teaguje01","MIN",TRUE
580,"teaguma01","MEM",TRUE
581,"teletmi01","MIL",TRUE
582,"templga01","SAC",TRUE
583,"teodomi01","LAC",TRUE
584,"terryja01","MIL",TRUE
585,"theisda01","BOS",TRUE
586,"thomais02","TOT",TRUE
587,"thomais02","CLE",FALSE
588,"thomais02","LAL",FALSE
589,"thomala01","NYK",TRUE
590,"thompkl01","GSW",TRUE
591,"thomptr01","CLE",TRUE
592,"thornsi01","LAC",TRUE
593,"tollian01","DET",TRUE
594,"townska01","MIN",TRUE
595,"tuckepj01","HOU",TRUE
596,"turneev01","POR",TRUE
597,"turnemy01","IND",TRUE
598,"udohek01","UTA",TRUE
599,"ulisty01","PHO",TRUE
600,"valanjo01","TOR",TRUE
601,"valende01","CHI",TRUE
602,"vanvlfr01","TOR",TRUE
603,"vaughra01","TOT",TRUE
604,"vaughra01","MIL",FALSE
605,"vaughra01","BRK",FALSE
606,"vaughra01","ORL",FALSE
607,"vonleno01","TOT",TRUE
608,"vonleno01","POR",FALSE
609,"vonleno01","CHI",FALSE
610,"vucevni01","ORL",TRUE
611,"wadedw01","TOT",TRUE
612,"wadedw01","CLE",FALSE
613,"wadedw01","MIA",FALSE
614,"waitedi01","MIA",TRUE
615,"walkeke02","CHO",TRUE
616,"walljo01","WAS",TRUE
617,"wallaty01","LAC",TRUE
618,"waltode01","MIA",TRUE
619,"warneja01","DAL",TRUE
620,"warretj01","PHO",TRUE
621,"weartr01","LAL",TRUE
622,"webbja01","BRK",TRUE
623,"weberbr01","TOT",TRUE
624,"weberbr01","HOU",FALSE
625,"weberbr01","MEM",FALSE
626,"westda01","GSW",TRUE
627,"westbru01","OKC",TRUE
628,"whitean01","ATL",TRUE
629,"whitede01","SAS",TRUE
630,"whiteok01","MIA",TRUE
631,"whiteis01","BRK",TRUE
632,"whiteha01","MIA",TRUE
633,"wiggian01","MIN",TRUE
634,"wileyja01","BRK",TRUE
635,"wilkida02","IND",TRUE
636,"willial03","PHO",TRUE
637,"willicj01","LAC",TRUE
638,"willide02","LAL",TRUE
639,"willilo02","LAC",TRUE
640,"willima02","CHO",TRUE
641,"willima05","MIA",TRUE
642,"willitr02","TOT",TRUE
643,"willitr02","HOU",FALSE
644,"willitr02","NYK",FALSE
645,"wilsodj01","MIL",TRUE
646,"wilsoja02","LAC",TRUE
647,"winslju01","MIA",TRUE
648,"witheje01","DAL",TRUE
649,"woltena01","UTA",TRUE
650,"wrighbr03","TOT",TRUE
651,"wrighbr03","MEM",FALSE
652,"wrighbr03","HOU",FALSE
653,"wrighde01","TOR",TRUE
654,"yabusgu01","BOS",TRUE
655,"youngja01","PHI",TRUE
656,"youngjo01","IND",TRUE
657,"youngni01","GSW",TRUE
658,"youngth01","IND",TRUE
659,"zelleco01","CHO",TRUE
660,"zellety01","TOT",TRUE
661,"zellety01","BRK",FALSE
662,"zellety01","MIL",FALSE
663,"zipsepa01","CHI",TRUE
664,"zizican01","CLE",TRUE
665,"zubaciv01","LAL",TRUE
