"data$Player_Season","Tgt...9","Rec","RecYds","RECTD","RecY.G","Rec1D","RecSucc.","Air.yards.bfr.Catch","Yaftercatch","AvgDepthOTarget","RecBrkTkl","Drop","Int","Passer.rating.when.targeted"
"Tyreek Hill_2022","3","3","3","3","3","3","3","3","3","3","3","3","3","2"
"Justin Jefferson_2022","3","3","3","3","3","3","3","3","3","2","3","2","3","3"
"Tyreek Hill_2023","3","3","3","3","3","3","3","3","3","2","3","3","3","3"
"Justin Jefferson_2021","3","3","3","3","3","3","3","3","3","3","3","3","1","3"
"Cooper Kupp_2021","3","3","3","3","3","3","3","3","3","1","3","3","3","3"
"Calvin Ridley_2020","3","3","3","3","3","3","3","3","2","3","2","3","3","2"
"Stefon Diggs_2020","3","3","3","3","3","3","3","3","3","2","3","3","1","3"
"CeeDee Lamb_2023","3","3","3","3","3","3","3","3","3","1","3","3","1","3"
"Justin Jefferson_2024","3","3","3","3","3","3","3","3","3","2","3","2","3","3"
"Davante Adams_2022","3","3","3","3","3","3","1","3","3","3","3","3","3","2"
"Stefon Diggs_2022","3","3","3","3","3","3","3","3","3","2","2","3","1","3"
"A.J. Brown_2023","3","3","3","3","3","3","3","3","3","2","3","3","3","2"
"Amari Cooper_2023","3","3","3","2","3","3","2","3","2","3","2","3","3","1"
"Davante Adams_2021","3","3","3","3","3","3","3","3","3","1","3","1","2","3"
"Brandon Aiyuk_2023","2","3","3","3","3","3","3","3","3","3","2","1","2","3"
"A.J. Brown_2022","3","3","3","3","3","3","2","3","3","3","3","2","2","3"
"Justin Jefferson_2020","3","3","3","3","3","3","3","3","3","2","3","1","3","3"
"Drake London_2024","3","3","3","3","3","3","3","3","3","2","3","2","3","1"
"D.K. Metcalf_2020","3","3","3","3","3","3","3","3","3","3","3","3","3","3"
"Mike Evans_2023","3","3","3","3","3","3","2","3","3","3","2","3","2","3"
"Allen Robinson_2020","3","3","3","2","3","3","3","3","3","1","3","1","3","2"
"Ja'Marr Chase_2024","3","3","3","3","3","3","3","3","3","1","3","3","3","3"
"Mike Evans_2022","3","3","3","2","3","3","2","3","2","3","2","2","3","1"
"Courtland Sutton_2024","3","3","3","3","3","3","2","3","2","3","1","3","3","2"
"Stefon Diggs_2021","3","3","3","3","3","3","2","3","3","2","3","2","3","2"
"Tyler Lockett_2021","3","3","3","3","3","2","2","3","2","3","2","1","2","3"
"DeAndre Hopkins_2020","3","3","3","2","3","3","3","3","3","1","3","1","1","3"
"CeeDee Lamb_2022","3","3","3","3","3","3","2","3","3","2","3","3","3","3"
"Puka Nacua_2023","3","3","3","2","3","3","3","3","3","1","3","3","2","2"
"Amon-Ra St. Brown_2024","3","3","3","3","3","3","3","3","3","1","2","2","1","3"
"Keenan Allen_2023","3","3","3","3","3","3","3","3","3","1","3","2","1","3"
"Amon-Ra St. Brown_2023","3","3","3","3","3","3","3","3","3","1","3","3","2","3"
"Jaylen Waddle_2022","3","3","3","3","3","3","2","3","3","3","2","3","1","3"
"Tyreek Hill_2020","3","3","3","3","3","3","3","3","3","3","3","2","1","3"
"Jerry Jeudy_2024","3","3","3","2","3","3","2","3","3","2","1","3","2","2"
"Amari Cooper_2022","3","3","3","3","3","3","2","3","3","3","2","3","2","2"
"DeAndre Hopkins_2023","3","3","3","3","3","3","1","3","2","3","2","2","3","1"
"Chris Olave_2022","3","3","3","2","3","3","2","3","2","3","2","3","3","1"
"D.K. Metcalf_2022","3","3","3","2","3","3","1","3","2","2","1","3","3","2"
"D.J. Moore_2023","3","3","3","3","3","3","3","3","3","2","3","2","2","3"
"Calvin Ridley_2023","3","3","3","3","3","3","1","3","2","3","1","3","2","2"
"Justin Jefferson_2023","2","2","3","2","3","3","3","3","2","3","2","1","2","3"
"D.J. Moore_2020","3","2","3","2","3","3","2","3","3","3","3","3","3","1"
"Davante Adams_2023","3","3","3","3","3","3","1","3","3","2","2","3","3","1"
"Ja'Marr Chase_2021","3","3","3","3","3","3","2","3","3","3","3","3","3","3"
"Terry McLaurin_2024","3","3","3","3","3","3","3","3","2","3","2","2","1","3"
"Keenan Allen_2021","3","3","3","2","3","3","2","3","3","1","1","3","3","2"
"Tee Higgins_2021","3","3","3","2","3","3","3","3","2","3","2","2","1","3"
"Brandin Cooks_2020","3","3","3","2","3","3","3","3","3","3","2","1","3","2"
"Terry McLaurin_2022","3","3","3","2","3","3","2","3","3","3","3","1","1","3"
"Tyreek Hill_2021","3","3","3","3","3","3","3","3","3","2","3","3","2","3"
"Calvin Ridley_2024","3","2","3","2","3","2","1","3","2","3","2","3","3","1"
"Stefon Diggs_2023","3","3","3","3","3","3","2","3","3","2","3","3","3","2"
"Marvin Jones_2020","3","3","3","3","3","3","3","3","2","3","3","3","3","3"
"Mike Evans_2024","3","3","3","3","3","3","3","3","2","2","2","2","3","3"
"Davante Adams_2020","3","3","3","3","3","3","3","3","3","1","2","1","2","3"
"Mike Evans_2021","3","3","3","3","3","3","3","3","2","3","2","1","2","3"
"Chris Olave_2023","3","3","3","2","3","3","2","3","3","3","2","3","2","2"
"DeVonta Smith_2023","3","3","3","3","3","3","3","3","2","3","2","2","2","3"
"Tyler Lockett_2022","3","3","3","3","3","3","3","3","2","2","1","1","3","3"
"Ladd McConkey_2024","3","3","3","3","3","3","3","3","3","2","3","2","1","3"
"Christian Kirk_2021","2","3","3","2","2","3","3","3","2","2","1","3","1","3"
"George Pickens_2023","2","2","3","2","3","2","2","3","3","3","3","1","2","2"
"Nico Collins_2023","3","3","3","3","3","3","3","3","3","2","3","1","1","3"
"D.K. Metcalf_2023","3","2","3","3","3","3","2","3","3","3","3","3","3","2"
"Tee Higgins_2022","3","3","3","3","3","3","3","3","2","2","2","3","1","3"
"Malik Nabers_2024","3","3","3","3","3","3","2","3","3","1","3","3","1","2"
"Mike Evans_2020","3","3","3","3","3","3","3","3","2","3","2","2","1","3"
"Marvin Harrison Jr._2024","3","2","3","3","2","2","1","3","1","3","1","2","3","2"
"Jauan Jennings_2024","3","3","3","2","3","3","2","3","2","2","3","2","2","2"
"Christian Kirk_2022","3","3","3","3","3","3","2","3","3","1","3","3","3","2"
"Terry McLaurin_2021","3","3","3","2","3","3","2","3","3","3","2","2","3","1"
"Jakobi Meyers_2024","3","3","3","2","3","3","3","3","2","1","2","1","2","2"
"Michael Pittman Jr._2021","3","3","3","2","3","3","3","3","3","2","2","3","2","2"
"D.J. Moore_2021","3","3","3","2","3","3","1","3","3","2","2","3","3","1"
"Mike Williams_2021","3","3","3","3","3","3","2","3","3","2","2","3","1","3"
"D.K. Metcalf_2024","3","2","3","2","3","2","1","3","2","3","2","2","1","2"
"Tyler Lockett_2020","3","3","3","3","3","3","3","3","3","2","2","3","1","3"
"A.J. Brown_2024","2","2","3","3","3","3","3","3","3","3","3","1","1","3"
"Brian Thomas_2024","3","3","3","3","3","3","3","3","3","2","1","3","3","3"
"Garrett Wilson_2022","3","3","3","2","3","3","1","3","3","2","3","2","1","1"
"Drake London_2023","3","3","3","1","2","3","2","3","2","2","2","2","3","1"
"Darnell Mooney_2024","2","2","3","2","3","3","2","3","2","3","3","3","1","2"
"Garrett Wilson_2023","3","3","3","1","3","3","1","3","3","2","3","3","3","1"
"D.J. Moore_2022","3","2","3","3","2","3","1","3","2","3","2","3","3","1"
"Alec Pierce_2024","1","1","2","3","2","2","2","3","1","3","1","1","3","3"
"DeVonta Smith_2022","3","3","3","3","3","3","2","3","3","1","3","3","1","3"
"Amari Cooper_2020","3","3","3","2","3","3","3","3","3","1","3","1","3","2"
"Marvin Jones_2021","3","3","2","2","2","2","2","3","1","3","1","1","2","1"
"George Pickens_2022","2","2","2","2","2","2","1","3","1","3","3","1","1","3"
"DeVonta Smith_2021","2","2","3","2","2","2","2","3","2","3","2","1","1","2"
"Corey Davis_2020","2","2","3","2","3","3","3","3","2","2","2","1","1","3"
"Gabriel Davis_2022","2","2","2","3","2","2","2","3","1","3","1","3","3","1"
"George Pickens_2024","2","2","3","1","3","2","1","3","2","3","2","3","1","2"
"Tyler Lockett_2023","3","3","3","2","2","3","3","3","2","2","1","2","3","1"
"Tee Higgins_2024","3","3","3","3","3","3","3","3","2","2","3","1","1","3"
"Adam Thielen_2020","3","3","3","3","3","3","3","3","2","2","2","3","3","3"
"Brandin Cooks_2021","3","3","3","2","3","3","2","3","3","2","3","2","2","2"
"Courtland Sutton_2022","3","2","2","1","2","2","1","3","1","3","1","3","3","1"
"Ja'Marr Chase_2023","3","3","3","3","3","3","3","3","3","1","3","2","1","3"
"Darnell Mooney_2021","3","3","3","2","3","3","1","3","3","2","3","3","3","1"
"Adam Thielen_2023","3","3","3","2","3","3","3","3","3","1","2","3","1","3"
"A.J. Green_2021","2","2","2","1","2","2","2","3","2","3","3","2","1","2"
"Tyreek Hill_2024","3","3","3","2","2","3","2","3","2","2","1","1","2","2"
"Nelson Agholor_2020","2","2","3","3","2","2","2","3","2","3","2","2","2","3"
"Jordan Addison_2024","2","2","2","3","2","2","1","3","2","3","2","1","1","3"
"Garrett Wilson_2024","3","3","3","3","3","3","2","3","3","1","3","3","3","2"
"CeeDee Lamb_2021","3","3","3","2","3","3","2","3","3","2","3","3","3","2"
"CeeDee Lamb_2024","3","3","3","2","3","3","1","3","3","1","3","3","3","2"
"Jaxon Smith-Njigba_2024","3","3","3","2","3","3","3","3","3","1","2","2","3","2"
"Terry McLaurin_2023","3","3","3","2","2","3","1","3","3","2","2","2","3","1"
"Jordan Addison_2023","3","3","3","3","2","2","1","3","2","3","2","1","3","2"
"Donovan Peoples-Jones_2022","2","2","2","1","2","2","1","3","2","2","1","1","1","2"
"Diontae Johnson_2022","3","3","3","1","2","3","1","3","2","2","3","3","3","1"
"Amon-Ra St. Brown_2022","3","3","3","2","3","3","3","3","3","1","3","2","1","3"
"Jakobi Meyers_2021","3","3","2","1","2","2","2","3","2","2","1","1","2","1"
"A.J. Brown_2020","2","3","3","3","3","3","3","3","3","2","3","2","1","3"
"Nico Collins_2024","2","2","3","3","3","3","3","3","3","2","2","1","3","3"
"Courtland Sutton_2021","2","2","2","1","2","2","1","3","1","3","1","1","2","1"
"Terry McLaurin_2020","3","3","3","2","3","3","1","3","3","2","3","1","2","2"
"Chris Godwin_2023","3","3","3","1","3","3","1","3","3","1","2","2","2","1"
"D.K. Metcalf_2021","3","3","3","3","2","3","1","3","3","3","3","2","1","3"
"Michael Pittman Jr._2023","3","3","3","2","3","3","2","3","3","1","2","1","3","1"
"Deebo Samuel_2021","3","3","3","2","3","3","2","3","3","1","3","3","3","3"
"Drake London_2022","3","3","2","2","2","3","3","3","2","2","1","1","2","1"
"Diontae Johnson_2021","3","3","3","3","3","3","1","3","3","1","3","2","2","2"
"Amari Cooper_2021","2","2","2","3","2","3","2","3","2","2","2","1","1","3"
"Brandon Aiyuk_2022","3","3","3","3","3","3","3","3","3","2","2","3","1","3"
"CeeDee Lamb_2020","3","3","3","2","2","3","2","3","3","1","2","3","1","2"
"A.J. Brown_2021","2","2","2","2","3","3","2","3","2","2","2","3","1","2"
"Marquise Brown_2021","3","3","3","2","3","2","1","3","3","2","2","3","2","2"
"DeVante Parker_2020","2","2","2","2","2","3","2","3","1","2","3","3","1","2"
"Courtland Sutton_2023","2","2","2","3","2","2","2","3","1","3","1","3","1","3"
"Cole Beasley_2020","3","3","3","2","3","3","3","3","3","1","1","1","1","3"
"Ja'Marr Chase_2022","3","3","3","3","3","3","2","3","3","1","3","3","3","2"
"Robbie Chosen_2020","3","3","3","1","3","3","1","3","3","2","2","3","1","2"
"Tee Higgins_2020","3","2","3","2","2","3","3","3","3","2","3","3","1","3"
"Zay Flowers_2024","3","3","3","2","3","3","2","3","3","2","3","3","1","3"
"Mike Williams_2020","2","2","2","2","2","2","2","3","1","3","1","1","1","2"
"Jaylen Waddle_2023","2","3","3","2","3","3","3","3","3","2","3","2","2","2"
"Darius Slayton_2020","2","2","2","1","2","2","1","3","1","3","1","3","1","1"
"Michael Gallup_2020","2","2","2","2","2","3","1","3","2","3","3","3","1","2"
"Davante Adams_2024","3","3","3","3","3","3","1","3","3","1","3","3","2","2"
"Will Fuller_2020","2","2","3","3","3","2","3","3","2","3","2","1","1","3"
"Van Jefferson_2021","2","2","2","2","2","2","2","2","2","3","2","3","1","3"
"Hunter Renfrow_2021","3","3","3","3","3","3","3","2","3","1","2","1","1","3"
"Jerry Jeudy_2022","2","2","3","2","3","2","2","2","3","2","2","2","1","3"
"Chase Claypool_2021","2","2","2","1","2","2","1","2","2","2","2","2","2","1"
"Jaylen Waddle_2021","3","3","3","2","3","3","3","2","3","1","2","3","3","2"
"Mike Williams_2022","2","2","3","2","3","2","3","2","3","3","1","1","1","3"
"Rashod Bateman_2024","2","1","2","3","2","2","2","2","2","3","1","2","1","3"
"Jerry Jeudy_2020","3","2","2","1","2","2","1","2","2","3","3","3","3","1"
"T.Y. Hilton_2020","2","2","2","2","2","2","2","2","2","3","2","1","2","2"
"Jakobi Meyers_2022","2","2","2","2","2","2","3","2","2","2","1","2","1","3"
"Michael Pittman Jr._2022","3","3","3","2","2","3","2","2","3","1","2","3","2","2"
"Rashid Shaheed_2023","2","1","2","2","2","1","1","2","1","3","2","1","2","2"
"Gabriel Davis_2023","2","1","2","3","2","2","2","2","2","3","2","1","3","1"
"Jakobi Meyers_2023","2","3","2","3","2","3","2","2","2","2","3","1","3","2"
"Adam Thielen_2022","3","3","2","2","2","3","1","2","1","2","1","1","2","2"
"Chris Godwin_2020","2","2","2","3","3","2","3","2","2","2","2","1","1","3"
"Tank Dell_2023","2","2","2","3","3","2","2","2","1","3","1","2","1","3"
"Emmanuel Sanders_2020","2","2","2","2","2","2","3","2","1","1","2","1","1","3"
"Keenan Allen_2020","3","3","3","3","3","3","2","2","3","1","2","1","3","2"
"Marquez Callaway_2021","2","1","2","2","2","2","1","2","1","3","2","2","1","2"
"DeAndre Hopkins_2022","2","2","2","1","3","2","2","2","1","2","1","2","2","1"
"Michael Pittman Jr._2024","3","3","2","1","2","2","2","2","2","2","2","1","3","1"
"Chase Claypool_2020","3","2","2","3","2","2","1","2","3","3","2","3","1","3"
"DJ Chark_2020","2","2","2","2","2","2","1","2","1","3","1","1","3","1"
"Zay Jones_2022","3","3","2","2","2","3","2","2","2","1","2","3","1","2"
"Emmanuel Sanders_2021","2","1","2","2","2","2","2","2","1","3","1","1","1","2"
"Romeo Doubs_2023","2","2","2","3","1","2","2","2","1","2","1","3","2","2"
"Julio Jones_2020","1","2","2","1","3","2","3","2","2","2","3","1","1","3"
"Christian Kirk_2023","2","2","2","1","3","2","3","2","2","2","2","2","1","2"
"Allen Lazard_2022","2","2","2","2","2","3","2","2","2","3","1","3","3","1"
"Marquez Valdes-Scantling_2022","2","1","2","1","2","2","1","2","1","3","1","2","1","1"
"DeVonta Smith_2024","2","2","2","3","3","2","3","2","3","1","1","1","2","3"
"Brandin Cooks_2023","2","2","2","3","2","2","3","2","1","3","1","1","3","3"
"Tim Patrick_2021","2","2","2","2","2","2","2","2","2","2","2","1","1","2"
"Curtis Samuel_2020","2","3","2","1","2","2","2","2","3","1","2","2","1","3"
"Diontae Johnson_2020","3","3","3","3","3","3","1","2","3","1","3","3","1","2"
"Rashard Higgins_2020","1","1","2","2","2","1","3","2","1","3","1","1","1","3"
"Chris Godwin_2021","3","3","3","2","3","3","3","2","3","1","3","2","1","3"
"Russell Gage_2021","2","2","2","2","2","2","2","2","2","1","3","2","3","2"
"Josh Palmer_2022","3","3","2","1","2","2","2","2","2","1","1","3","1","2"
"Tyler Boyd_2022","2","2","2","2","2","2","3","2","2","1","2","1","3","2"
"Jakobi Meyers_2020","2","2","2","1","2","2","3","2","2","2","2","2","1","2"
"Jaylen Waddle_2024","2","2","2","1","2","2","2","2","2","2","1","3","2","2"
"Russell Gage_2020","3","3","2","2","2","3","2","2","2","1","2","3","1","2"
"Keenan Allen_2024","3","3","2","3","2","2","1","2","2","1","1","3","1","2"
"Tim Patrick_2020","2","2","2","2","2","2","3","2","2","3","2","1","2","3"
"Jameson Williams_2024","2","2","3","3","3","2","2","2","3","2","2","1","2","3"
"Tank Dell_2024","2","2","2","1","2","2","2","2","1","3","2","3","2","1"
"DeAndre Hopkins_2024","2","2","2","2","1","2","3","2","1","2","2","1","1","3"
"Jarvis Landry_2020","2","3","2","1","2","3","3","2","3","1","2","3","1","2"
"Chris Godwin_2022","3","3","3","1","3","3","3","2","3","1","2","1","1","2"
"Marquise Brown_2020","2","2","2","3","2","2","1","2","2","3","2","3","3","2"
"Brandin Cooks_2022","2","2","2","1","2","2","1","2","2","2","1","2","3","1"
"Mack Hollins_2022","2","2","2","2","2","2","2","2","2","3","2","2","2","1"
"Tyler Boyd_2020","3","3","2","2","2","2","3","2","3","1","1","1","3","2"
"Keenan Allen_2022","2","2","2","2","3","2","3","2","2","1","1","1","1","3"
"Amon-Ra St. Brown_2021","3","3","3","2","2","3","3","2","3","1","2","1","1","3"
"Adam Thielen_2021","2","2","2","3","2","2","2","2","2","1","1","1","1","3"
"Josh Palmer_2024","1","1","2","1","1","1","2","2","1","3","1","2","1","2"
"Rome Odunze_2024","2","2","2","1","2","2","1","2","2","3","2","3","1","1"
"Alec Pierce_2022","2","1","2","1","1","1","1","2","1","2","1","1","1","1"
"Brandon Aiyuk_2021","2","2","2","2","2","2","3","2","3","2","2","2","1","3"
"Jayden Reed_2024","2","2","2","2","2","2","3","2","3","1","2","3","1","3"
"K.J. Osborn_2021","2","2","2","3","1","1","1","2","2","2","1","1","2","2"
"Marquise Brown_2022","3","2","2","1","3","2","1","2","2","2","1","2","3","1"
"Puka Nacua_2024","2","3","3","1","3","3","3","2","3","1","3","1","1","3"
"Darius Slayton_2023","2","2","2","2","2","2","1","2","3","3","3","1","1","2"
"Christian Watson_2024","1","1","2","1","2","1","1","2","1","3","1","1","1","2"
"Keelan Cole_2020","2","2","2","2","1","2","3","2","1","2","2","3","1","2"
"Gabriel Davis_2020","1","1","2","3","1","1","2","2","1","3","1","1","3","2"
"JuJu Smith-Schuster_2022","2","3","3","1","2","3","3","2","3","1","2","3","2","3"
"Zay Flowers_2023","3","3","2","2","2","2","3","2","3","1","3","2","1","3"
"Romeo Doubs_2024","2","1","2","2","2","2","3","2","1","3","2","3","1","2"
"Tyler Lockett_2024","2","2","2","1","1","2","3","2","1","2","1","2","3","1"
"Adam Thielen_2024","1","2","2","2","3","1","3","2","1","2","1","1","3","3"
"Darius Slayton_2022","1","1","2","1","2","2","3","2","2","3","2","3","1","2"
"Brandon Aiyuk_2020","2","2","2","2","3","2","3","2","2","1","3","2","3","1"
"Jayden Reed_2023","2","2","2","3","2","2","2","2","3","2","2","1","1","3"
"Diontae Johnson_2023","2","2","2","2","2","2","2","2","2","3","2","1","1","2"
"Sterling Shepard_2020","2","2","2","1","2","2","3","2","2","1","2","1","1","2"
"Donovan Peoples-Jones_2021","1","1","2","1","2","1","2","2","1","3","2","1","2","2"
"Cooper Kupp_2020","3","3","3","1","3","3","3","2","3","1","3","3","2","2"
"Elijah Moore_2023","2","2","2","1","1","2","1","2","2","2","2","2","1","1"
"Darius Slayton_2024","1","1","2","1","1","2","2","2","1","3","2","2","1","1"
"Marquez Valdes-Scantling_2020","1","1","2","2","2","1","1","2","2","3","1","3","1","3"
"Kendrick Bourne_2020","2","2","2","1","2","2","3","2","2","1","2","3","1","2"
"Christian Kirk_2020","2","2","2","2","2","2","1","2","2","3","1","1","2","2"
"Jalen Tolbert_2024","2","2","2","3","1","2","2","2","1","2","1","1","1","3"
"Robert Woods_2020","3","3","3","2","2","3","2","2","3","1","2","2","3","2"
"DJ Chark_2023","1","1","1","2","1","1","1","2","1","3","1","2","1","3"
"Cooper Kupp_2024","2","2","2","2","3","1","1","2","2","1","2","1","1","3"
"Kayshon Boutte_2024","1","1","2","1","1","1","3","2","1","3","1","2","1","2"
"Tyler Boyd_2021","2","2","2","2","2","2","2","2","3","1","2","1","3","2"
"Travis Fulgham_2020","1","1","1","2","2","1","2","2","1","3","2","1","1","2"
"A.J. Green_2020","2","2","1","1","1","2","1","2","1","3","2","1","2","1"
"Tutu Atwell_2024","1","1","1","1","1","2","3","2","1","2","1","1","1","1"
"Amari Cooper_2024","2","1","1","2","1","1","1","2","1","3","1","3","1","1"
"Jerry Jeudy_2023","2","2","2","1","2","1","1","2","3","3","2","1","2","1"
"Josh Reynolds_2023","1","1","2","2","1","2","3","2","1","2","2","2","1","3"
"Marvin Jones_2022","2","1","1","1","1","2","2","2","1","3","1","2","1","1"
"Demarcus Robinson_2024","1","1","1","3","1","1","1","2","1","3","1","1","3","1"
"Damiere Byrd_2020","2","2","2","1","1","2","2","2","1","2","2","2","2","1"
"DeAndre Hopkins_2021","1","1","2","3","2","2","3","2","1","3","1","1","1","3"
"Noah Brown_2022","2","1","1","1","1","1","1","2","1","2","2","3","3","1"
"Corey Davis_2022","1","1","1","1","2","1","1","2","1","3","1","1","1","1"
"Michael Wilson_2023","1","1","1","1","2","2","3","2","1","3","2","1","1","2"
"JuJu Smith-Schuster_2020","3","3","2","3","2","3","3","2","3","1","2","1","3","2"
"Tee Higgins_2023","2","1","2","2","2","2","2","2","2","3","1","3","1","2"
"Michael Wilson_2024","1","2","1","2","1","1","3","2","1","2","1","1","2","2"
"Alec Pierce_2023","1","1","1","1","1","1","1","2","1","3","1","1","1","1"
"Kendrick Bourne_2021","1","2","2","2","2","1","3","2","3","1","3","1","1","3"
"Cooper Kupp_2023","2","2","2","2","3","2","1","2","3","1","3","2","2","2"
"Justin Watson_2023","1","1","1","1","1","1","2","2","1","3","1","2","2","1"
"Andrei Iosivas_2024","1","1","1","2","1","1","3","2","1","2","1","2","1","3"
"DeVante Parker_2021","2","1","1","1","2","2","2","2","1","2","2","2","1","1"
"Odell Beckham Jr._2023","1","1","1","1","2","1","1","2","1","3","1","1","1","2"
"Marquise Brown_2023","2","2","2","2","2","2","1","2","1","3","2","2","1","1"
"Gabriel Davis_2021","1","1","1","2","1","2","1","2","1","3","1","2","1","3"
"Josh Downs_2024","3","3","2","2","2","2","2","2","3","1","2","2","2","2"
"Quentin Johnston_2024","2","2","2","3","2","2","2","2","3","2","3","3","1","3"
"Elijah Moore_2024","2","2","1","1","1","1","1","2","1","1","1","2","3","1"
"Jahan Dotson_2023","2","2","1","2","1","1","1","2","1","1","1","2","3","1"
"Kenny Golladay_2021","2","1","1","1","1","1","1","2","1","3","2","1","2","1"
"Josh Downs_2023","2","2","2","1","2","2","1","2","3","1","2","2","1","2"
"Kalif Raymond_2022","1","2","2","1","1","1","3","2","2","2","2","1","1","3"
"Calvin Austin III_2024","1","1","1","2","1","1","2","2","1","3","1","1","1","3"
"Zach Pascal_2020","1","1","2","2","1","2","2","2","2","2","1","1","1","3"
"Quez Watkins_2021","1","1","2","1","1","1","1","2","2","3","3","1","2","2"
"Richie James_2022","1","2","2","2","1","2","3","2","2","1","1","1","1","3"
"Josh Reynolds_2020","2","2","2","1","1","2","3","2","2","2","2","1","1","1"
"Scott Miller_2020","1","1","1","1","1","1","1","2","1","3","1","1","1","2"
"Cooper Kupp_2022","2","3","2","2","3","2","3","2","3","1","2","1","3","3"
"Cole Beasley_2021","3","3","2","1","2","2","3","2","3","1","1","2","2","1"
"Tyler Boyd_2023","2","2","2","1","1","1","1","2","2","1","2","2","3","1"
"Odell Beckham Jr._2021","2","1","1","2","1","1","1","2","1","3","1","1","2","1"
"Jahan Dotson_2022","1","1","1","3","2","1","2","2","1","3","1","3","3","2"
"Xavier Legette_2024","2","2","1","2","1","1","1","2","1","3","2","3","1","1"
"Josh Palmer_2023","1","1","2","1","2","1","1","2","2","2","1","1","1","2"
"Bryan Edwards_2021","1","1","2","1","1","1","2","2","2","3","3","1","1","3"
"Byron Pringle_2021","1","1","2","2","1","2","3","2","2","2","2","2","1","3"
"Tutu Atwell_2023","1","1","1","1","1","1","1","2","1","2","1","2","1","1"
"D.J. Moore_2024","3","3","3","2","2","2","1","2","3","1","3","1","2","2"
"Darnell Mooney_2020","2","2","2","2","1","2","1","2","2","2","3","1","1","1"
"Zay Jones_2021","1","2","1","1","1","2","3","2","1","3","2","1","3","1"
"Allen Lazard_2024","1","1","1","2","2","2","3","1","1","2","1","3","1","3"
"Nick Westbrook-Ikhine_2024","1","1","1","3","1","1","1","1","1","2","2","2","2","2"
"Jamison Crowder_2020","2","2","2","2","2","2","2","1","3","1","2","1","2","2"
"Dontayvion Wicks_2023","1","1","2","2","1","2","3","1","2","2","3","1","1","3"
"Robert Woods_2022","2","2","1","1","1","2","2","1","1","1","1","2","2","1"
"Noah Brown_2024","1","1","1","1","2","1","3","1","1","2","1","2","1","1"
"DJ Chark_2022","1","1","1","1","2","1","2","1","1","3","1","2","1","2"
"Corey Davis_2021","1","1","1","2","2","1","2","1","1","3","2","2","3","1"
"Curtis Samuel_2022","2","2","2","2","1","2","1","1","2","1","3","2","1","2"
"Deebo Samuel_2023","2","2","3","3","3","2","3","1","3","1","3","1","1","3"
"Keelan Cole_2021","1","1","1","1","1","1","1","1","1","3","1","1","3","1"
"Josh Reynolds_2022","1","1","1","1","1","1","3","1","1","3","1","2","1","2"
"Robbie Chosen_2021","3","2","1","2","1","1","1","1","1","2","2","3","3","1"
"Robert Woods_2021","1","1","1","2","3","2","3","1","2","1","1","1","1","3"
"Michael Thomas_2020","1","1","1","1","3","1","3","1","1","1","1","1","1","2"
"Nelson Agholor_2021","1","1","1","1","1","1","1","1","1","3","2","1","2","1"
"Antonio Brown_2021","1","1","1","2","3","2","2","1","2","3","2","1","1","3"
"K.J. Osborn_2023","2","2","1","1","1","1","1","1","2","1","1","2","2","1"
"Curtis Samuel_2023","2","2","2","2","1","1","2","1","2","1","2","1","3","1"
"Ray-Ray McCloud_2024","2","2","2","1","2","2","2","1","3","1","1","1","2","1"
"K.J. Osborn_2022","2","2","2","2","1","2","3","1","3","1","2","1","1","2"
"Michael Thomas_2023","1","1","1","1","2","1","2","1","1","2","2","1","1","1"
"Devaughn Vele_2024","1","1","1","1","1","1","3","1","1","1","1","1","1","3"
"Cedrick Wilson Jr._2021","1","1","2","2","1","1","3","1","2","1","1","1","1","3"
"Parris Campbell_2022","2","2","2","1","1","2","2","1","2","1","3","2","3","1"
"Allen Lazard_2021","1","1","1","3","1","1","3","1","1","2","1","1","1","3"
"Breshad Perriman_2020","1","1","1","1","2","1","1","1","1","3","1","1","3","1"
"Rashod Bateman_2021","1","1","1","1","2","2","3","1","1","1","1","1","2","1"
"Noah Brown_2023","1","1","1","1","2","1","2","1","2","3","1","1","1","3"
"Olamide Zaccheaus_2022","1","1","1","1","1","1","2","1","2","2","2","1","1","3"
"Keon Coleman_2024","1","1","1","2","2","1","1","1","2","3","2","2","1","2"
"Wan'Dale Robinson_2024","3","3","2","1","2","2","1","1","3","1","3","3","1","1"
"Anthony Miller_2020","2","2","1","1","1","1","1","1","1","2","1","2","2","1"
"Christian Watson_2022","1","1","2","3","2","1","1","1","2","3","2","2","1","3"
"DeAndre Carter_2022","1","1","1","1","1","2","2","1","2","1","1","1","1","3"
"Jalen Guyton_2020","1","1","1","1","1","1","1","1","2","3","1","2","1","1"
"Nick Westbrook-Ikhine_2021","1","1","1","2","1","1","2","1","1","2","1","1","1","3"
"Elijah Moore_2021","2","1","1","2","2","1","1","1","2","2","2","1","3","1"
"Elijah Moore_2022","1","1","1","1","1","1","1","1","1","2","2","1","1","1"
"Tre Tucker_2024","2","2","1","1","1","1","1","1","2","3","2","1","1","1"
"Deonte Harty_2021","1","1","2","1","2","1","2","1","2","2","2","1","3","1"
"Darnell Mooney_2022","1","1","1","1","2","1","1","1","1","3","2","1","1","2"
"Jalen McMillan_2024","1","1","1","3","1","1","2","1","1","3","1","2","3","2"
"Michael Gallup_2021","1","1","1","1","2","1","1","1","1","2","1","1","1","2"
"Nico Collins_2022","1","1","1","1","2","1","1","1","1","2","2","1","1","1"
"Hunter Renfrow_2020","2","2","2","1","2","2","3","1","3","1","3","1","1","3"
"Michael Gallup_2022","2","1","1","2","1","1","1","1","1","2","1","3","3","1"
"Christian Watson_2023","1","1","1","2","2","1","2","1","1","3","1","1","3","1"
"Michael Gallup_2023","1","1","1","1","1","1","2","1","1","2","2","2","1","1"
"Kalif Raymond_2021","1","2","2","2","1","1","2","1","2","2","2","1","1","3"
"Nico Collins_2021","1","1","1","1","1","1","1","1","1","2","1","1","1","1"
"Tre'Quan Smith_2020","1","1","1","2","1","1","2","1","1","1","3","2","1","3"
"Golden Tate_2020","1","1","1","1","1","1","1","1","1","1","1","1","1","2"
"Danny Amendola_2020","1","1","2","1","2","2","2","1","2","1","3","1","1","1"
"Demarcus Robinson_2022","2","2","1","1","1","1","1","1","1","1","1","1","3","1"
"Olamide Zaccheaus_2021","1","1","1","1","1","1","1","1","1","1","1","1","1","1"
"Stefon Diggs_2024","1","2","1","1","3","2","2","1","2","1","2","1","1","3"
"Allen Robinson_2021","1","1","1","1","1","1","1","1","1","2","1","1","3","1"
"Rashod Bateman_2023","1","1","1","1","1","1","1","1","1","3","1","2","2","1"
"Laquon Treadwell_2021","1","1","1","1","1","1","3","1","1","3","2","1","1","2"
"Chase Claypool_2022","2","1","1","1","1","1","1","1","1","2","2","2","3","1"
"Laviska Shenault Jr._2020","2","2","2","2","2","2","2","1","3","1","3","1","1","3"
"Robert Woods_2023","2","1","1","1","1","1","1","1","1","2","1","2","1","1"
"Jarvis Landry_2021","2","2","2","1","2","2","1","1","2","1","2","1","3","1"
"Isaiah McKenzie_2022","1","1","1","2","1","1","3","1","1","1","1","3","1","2"
"Demarcus Robinson_2020","1","1","1","1","1","1","3","1","1","1","1","1","1","3"
"Chris Conley_2020","1","1","1","1","1","1","3","1","2","2","2","2","1","2"
"David Moore_2024","1","1","1","1","1","1","1","1","1","2","1","2","1","2"
"Mack Hollins_2024","1","1","1","2","1","1","3","1","1","2","1","1","1","3"
"Chris Moore_2022","2","2","1","1","1","1","1","1","2","1","2","1","2","1"
"Rashee Rice_2023","2","3","3","3","2","3","3","1","3","1","2","3","1","3"
"Nick Westbrook-Ikhine_2022","1","1","1","1","1","1","1","1","1","3","1","1","1","1"
"Diontae Johnson_2024","1","1","1","1","1","1","1","1","1","2","1","1","3","1"
"Marquez Valdes-Scantling_2021","1","1","1","1","1","1","1","1","1","3","1","1","1","1"
"Treylon Burks_2022","1","1","1","1","2","1","1","1","1","2","2","1","2","1"
"Trey Palmer_2023","1","1","1","1","1","1","1","1","1","2","1","2","1","1"
"Parker Washington_2024","1","1","1","1","1","1","2","1","1","2","2","1","1","2"
"John Brown_2020","1","1","1","1","2","1","3","1","2","3","1","1","1","3"
"Jerry Jeudy_2021","1","1","1","1","2","1","2","1","2","2","1","1","1","1"
"Quentin Johnston_2023","1","1","1","1","1","1","1","1","1","3","2","1","1","1"
"Dontayvion Wicks_2024","2","1","1","2","1","1","1","1","1","2","2","3","1","1"
"Mecole Hardman_2020","1","1","1","2","1","1","2","1","2","2","2","3","1","3"
"Darius Slayton_2021","1","1","1","1","1","1","1","1","1","3","1","3","2","1"
"Trent Sherfield_2022","1","1","1","1","1","1","1","1","1","2","1","1","1","1"
"Jamison Crowder_2021","1","2","1","1","1","1","2","1","2","1","1","1","1","1"
"Zay Jones_2023","1","1","1","1","1","1","1","1","1","3","1","1","1","1"
"DeVante Parker_2023","1","1","1","1","1","1","1","1","1","2","2","1","1","1"
"Allen Robinson_2022","1","1","1","1","1","1","2","1","1","2","1","1","1","2"
"Tre'Quan Smith_2021","1","1","1","1","1","1","2","1","1","1","2","1","1","2"
"Sammy Watkins_2020","1","1","1","1","2","1","3","1","1","1","2","1","1","2"
"Jonathan Mingo_2023","2","1","1","1","1","1","1","1","1","2","1","2","1","1"
"Zach Pascal_2021","1","1","1","1","1","1","1","1","1","1","1","2","1","1"
"Demario Douglas_2024","2","2","2","1","1","2","2","1","3","1","2","3","1","2"
"Jaxon Smith-Njigba_2023","2","2","2","2","1","2","1","1","3","1","2","3","1","2"
"KJ Hamler_2020","1","1","1","1","1","1","1","1","1","2","2","3","2","1"
"Russell Gage_2022","1","2","1","2","1","2","3","1","1","1","2","1","1","3"
"Sterling Shepard_2021","1","1","1","1","2","1","1","1","1","1","1","2","3","1"
"Greg Ward_2020","2","2","1","2","1","1","2","1","1","1","1","1","1","2"
"James Washington_2020","1","1","1","2","1","1","1","1","1","3","1","2","1","2"
"Deebo Samuel_2024","2","2","2","1","2","1","1","1","3","1","3","3","1","2"
"Jauan Jennings_2022","1","1","1","1","1","1","3","1","2","1","2","3","2","1"
"Ben Skowronek_2022","1","1","1","1","1","1","1","1","1","1","1","1","1","1"
"Wan'Dale Robinson_2023","2","2","1","1","1","2","2","1","2","1","3","1","1","2"
"Sterling Shepard_2024","1","1","1","1","1","1","1","1","1","1","1","2","1","2"
"Adam Humphries_2021","1","1","1","1","1","1","1","1","1","1","2","1","1","1"
"Darnell Mooney_2023","1","1","1","1","1","1","1","1","2","2","1","1","2","1"
"Antonio Brown_2020","1","1","1","2","3","1","3","1","2","1","2","1","1","3"
"Randall Cobb_2022","1","1","1","1","1","1","3","1","2","1","1","1","1","2"
"Xavier Worthy_2024","2","2","2","2","1","2","3","1","3","1","1","3","1","2"
"Laviska Shenault Jr._2021","2","2","2","1","1","2","1","1","3","1","3","3","1","1"
"Romeo Doubs_2022","1","1","1","1","1","1","1","1","2","1","1","3","1","2"
"Chris Godwin_2024","1","2","2","2","3","2","3","1","3","1","2","1","1","3"
"Demario Douglas_2023","2","2","1","1","1","1","1","1","3","1","1","1","3","1"
"Larry Fitzgerald_2020","2","2","1","1","1","1","2","1","2","1","1","1","1","1"
"Khalil Shakir_2024","2","3","2","2","2","2","2","1","3","1","3","1","1","3"
"Tyler Johnson_2021","1","1","1","1","1","1","1","1","1","1","2","2","1","1"
"Olamide Zaccheaus_2024","1","1","1","1","1","1","2","1","2","1","3","2","1","3"
"Dan Arnold_2021","1","1","1","1","1","1","3","1","2","1","2","1","1","2"
"Nelson Agholor_2022","1","1","1","1","1","1","1","1","1","3","1","1","2","1"
"Adonai Mitchell_2024","1","1","1","1","1","1","1","1","1","3","1","2","1","1"
"Michael Pittman Jr._2020","1","1","1","1","1","1","2","1","2","1","2","1","1","2"
"Quez Watkins_2022","1","1","1","1","1","1","1","1","1","1","1","1","2","1"
"Jalen Reagor_2020","1","1","1","1","1","1","1","1","2","3","2","1","2","1"
"Brandin Cooks_2024","1","1","1","1","1","1","1","1","1","2","1","1","1","1"
"N'Keal Harry_2020","1","1","1","1","1","1","1","1","1","1","2","1","1","1"
"Kendrick Bourne_2023","1","1","1","2","2","1","1","1","2","2","2","1","2","2"
"Tyler Boyd_2024","1","1","1","1","1","1","1","1","2","1","2","1","2","1"
"Jakeem Grant_2020","1","1","1","1","1","1","2","1","1","2","3","1","1","1"
"Kadarius Toney_2021","1","1","1","1","2","1","2","1","2","1","2","1","1","1"
"Mecole Hardman_2021","2","2","2","1","2","2","3","1","3","1","3","1","1","2"
"Calvin Ridley_2021","1","1","1","1","2","1","1","1","1","2","1","1","1","1"
"Braxton Berrios_2021","1","1","1","1","1","1","2","1","2","1","1","1","1","2"
"Hunter Renfrow_2022","1","1","1","1","1","1","2","1","1","1","2","1","3","1"
"Braxton Berrios_2020","1","1","1","1","1","1","1","1","2","1","2","1","1","2"
"Greg Dortch_2022","1","2","1","1","1","1","1","1","2","1","2","1","1","3"
"Ray-Ray McCloud_2021","1","1","1","1","1","1","1","1","1","1","2","3","1","1"
"KaVontae Turpin_2024","1","1","1","1","1","1","1","1","2","1","2","1","1","1"
"Jalen Reagor_2021","1","1","1","1","1","1","1","1","1","1","1","2","1","1"
"Deebo Samuel_2022","2","2","2","1","2","1","1","1","3","1","3","3","2","1"
"Rondale Moore_2023","1","1","1","1","1","1","1","1","2","1","2","1","1","1"
"Rondale Moore_2022","1","1","1","1","2","1","1","1","2","1","3","3","1","2"
"Troy Franklin_2024","1","1","1","1","1","1","1","1","1","3","1","1","1","1"
"Greg Dortch_2024","1","1","1","1","1","1","1","1","2","1","3","1","1","3"
"Marvin Mims_2024","1","1","1","2","1","1","1","1","3","1","1","1","1","3"
"Rondale Moore_2021","1","2","1","1","1","1","2","1","3","1","2","1","1","2"
