"PER","TS.","X3PAr","FTr","ORB.","DRB.","TRB.","AST.","STL.","BLK.","TOV.","USG.","OWS","DWS","WS","WS.48","OBPM","DBPM","BPM","VORP"
"1","3","3","1","2","1","1","1","2","1","1","1","2","2","2","2","2","3","2","2"
"1","2","3","1","2","2","2","1","2","2","2","1","1","2","2","1","1","2","2","1"
"3","3","1","3","3","2","3","1","3","3","2","2","3","3","3","3","3","2","3","3"
"3","3","1","3","3","3","3","2","2","3","2","2","3","3","3","3","2","3","2","3"
"1","2","2","1","1","1","1","1","1","2","2","1","1","1","1","1","1","1","1","1"
"1","1","1","3","3","3","3","2","3","3","1","2","1","1","1","1","1","1","1","1"
"3","3","1","3","3","3","3","2","1","3","1","3","3","3","3","3","3","2","3","3"
"3","3","1","3","3","3","3","1","1","3","3","2","3","3","3","3","2","2","2","2"
"1","1","3","3","2","1","1","3","2","2","3","1","1","1","1","1","1","3","1","1"
"1","1","1","2","3","1","2","1","3","2","3","2","1","1","1","1","1","2","1","1"
"2","2","3","1","3","3","3","1","3","2","2","1","2","3","3","2","2","3","3","3"
"2","2","3","2","3","2","2","1","2","2","1","2","2","2","2","3","2","2","2","2"
"3","3","1","3","2","3","2","3","3","3","3","1","3","3","3","3","2","3","3","3"
"2","3","3","2","3","2","2","1","1","2","1","1","3","3","3","3","3","1","3","3"
"3","2","1","3","3","2","3","1","2","3","3","2","1","1","1","3","3","2","3","1"
"3","3","1","3","3","3","3","3","3","3","2","3","3","3","3","3","3","3","3","3"
"2","1","2","1","2","3","2","1","1","3","1","3","2","3","3","2","2","1","2","1"
"1","3","3","2","2","1","2","1","2","2","2","1","3","3","3","2","2","3","2","2"
"1","2","3","1","1","1","1","3","3","1","3","1","2","1","1","1","1","3","1","1"
"2","3","3","1","1","2","2","1","3","1","1","1","3","3","3","3","3","3","3","3"
"1","2","3","1","2","1","1","2","3","3","3","2","1","1","1","1","1","2","1","1"
"1","1","2","1","1","2","2","2","1","2","1","1","1","1","1","1","1","1","1","1"
"1","1","1","3","3","3","3","1","1","3","3","1","1","1","1","1","1","1","1","1"
"3","3","3","3","1","1","1","3","2","1","3","2","3","2","3","3","3","1","2","3"
"1","3","3","1","1","2","2","1","1","2","1","1","2","1","2","2","2","1","1","1"
"1","1","1","1","1","3","2","1","1","1","1","1","1","2","1","1","1","2","1","1"
"1","1","3","3","1","1","1","3","3","2","3","1","1","1","1","2","1","3","2","2"
"3","3","1","3","1","1","1","2","2","2","2","2","2","1","1","3","3","3","3","2"
"2","1","3","1","2","3","2","3","3","3","3","2","1","3","2","1","2","3","3","3"
"3","2","3","1","1","2","2","3","1","1","3","3","3","2","3","2","3","1","3","3"
"3","2","2","2","2","2","2","2","1","1","1","3","3","3","3","2","3","1","2","3"
"3","2","2","2","2","2","2","3","2","2","2","3","3","3","3","3","3","2","3","3"
"2","2","2","2","2","2","2","3","2","2","3","2","3","3","3","2","3","2","3","3"
"1","2","3","1","1","1","1","2","2","1","2","1","2","2","2","2","1","2","1","1"
"2","1","1","2","3","3","3","2","1","3","2","2","2","3","3","2","1","3","1","1"
"2","2","2","3","1","2","2","3","3","3","3","3","2","3","2","2","2","3","3","3"
"3","2","2","2","2","2","2","3","2","2","2","3","3","3","3","3","3","1","3","3"
"1","1","3","2","2","1","2","1","2","2","2","2","1","1","1","1","1","1","1","1"
"3","2","1","2","3","3","3","2","1","3","2","3","2","3","2","2","3","1","2","3"
"2","3","3","2","1","1","1","2","2","1","1","3","3","2","3","2","3","1","2","3"
"3","3","1","2","3","3","3","3","3","3","3","1","3","2","3","3","3","3","3","3"
"1","1","1","2","1","2","2","3","3","3","3","2","1","2","1","1","1","2","1","1"
"1","2","3","1","1","2","2","2","1","3","3","1","1","2","1","1","1","1","1","1"
"2","3","3","1","1","2","2","2","2","3","1","2","3","2","3","3","3","3","3","3"
"2","2","3","1","3","1","2","2","3","2","3","2","1","1","1","2","2","3","3","2"
"3","3","1","3","3","3","3","2","2","3","2","1","2","2","2","3","2","2","2","2"
"2","3","2","3","3","2","2","2","2","1","3","1","1","1","1","2","1","2","1","1"
"2","2","1","3","3","3","3","1","1","3","3","1","2","3","3","2","1","2","2","1"
"2","3","3","1","2","3","3","2","3","2","2","1","3","2","3","2","3","2","3","3"
"2","3","1","3","3","3","3","1","3","3","3","1","2","2","2","3","1","3","1","1"
"1","1","2","2","1","1","1","2","1","1","1","3","1","1","1","1","1","1","1","1"
"3","3","2","3","2","2","2","3","3","2","3","3","3","3","3","3","3","2","3","3"
"1","1","2","3","1","1","1","2","1","1","3","1","1","1","1","1","1","1","1","1"
"2","2","2","1","1","1","1","3","2","1","2","2","3","2","3","2","2","1","2","2"
"2","3","3","2","1","1","1","1","1","1","1","2","3","3","3","2","3","1","2","3"
"2","3","1","1","3","3","3","2","1","3","3","1","2","1","1","2","1","3","1","1"
"2","2","1","3","3","2","3","1","3","1","3","1","1","1","1","2","1","1","1","1"
"3","2","2","3","1","2","2","3","2","1","2","3","3","2","2","2","3","1","3","3"
"2","2","1","2","3","3","3","2","2","2","2","2","2","2","2","3","2","2","2","2"
"1","1","3","1","1","3","3","1","1","1","1","3","1","1","1","1","1","1","1","1"
"1","1","2","1","1","1","1","2","3","1","2","3","1","2","1","1","1","1","1","1"
"1","1","1","2","3","3","3","1","1","1","1","2","1","1","1","1","1","1","1","1"
"2","2","2","3","2","1","2","1","3","2","2","1","2","2","2","2","1","3","2","2"
"2","3","2","1","1","1","1","3","2","2","2","2","3","2","2","2","3","1","2","2"
"1","1","3","1","2","1","1","3","2","1","2","2","1","1","1","1","1","1","1","1"
"1","2","2","2","2","1","1","2","2","1","2","2","2","2","2","1","1","1","1","1"
"3","3","2","2","2","1","1","3","3","2","2","3","2","1","2","3","3","2","3","2"
"3","3","3","1","1","1","1","3","1","1","1","1","1","1","1","3","3","3","3","1"
"1","1","3","1","1","1","1","3","2","1","2","3","1","1","1","1","1","1","1","1"
"2","2","2","3","2","2","2","2","2","2","2","3","2","3","3","2","2","2","2","3"
"1","1","2","1","1","2","1","2","3","1","1","1","1","1","1","2","1","3","2","1"
"1","1","3","1","2","2","2","2","1","1","3","1","1","1","1","1","1","1","1","1"
"1","1","2","1","2","3","2","1","3","2","1","1","1","2","2","1","1","2","1","1"
"1","1","3","1","1","3","3","1","1","1","1","1","1","1","1","1","1","1","1","1"
"1","1","3","3","2","3","3","2","1","3","1","2","1","1","1","1","1","2","1","1"
"2","3","3","1","1","1","1","2","2","1","1","1","3","2","3","3","3","2","3","3"
"3","2","2","1","1","1","1","3","2","1","1","3","3","1","2","3","3","1","3","3"
"2","2","2","3","1","3","2","2","3","1","2","3","2","3","2","2","2","3","2","2"
"3","3","1","3","2","2","2","3","3","2","1","3","3","3","3","3","3","3","3","3"
"2","1","1","2","2","1","1","3","3","1","3","3","1","1","1","1","2","1","1","1"
"1","1","3","2","3","2","3","1","2","3","1","1","1","1","1","1","1","2","1","1"
"2","3","3","1","1","1","1","3","2","1","3","1","3","1","2","2","2","2","2","1"
"2","2","3","2","2","2","2","2","3","1","1","2","3","3","3","2","2","3","3","3"
"2","2","3","3","1","1","1","3","3","1","3","2","2","1","2","2","2","1","2","2"
"3","3","1","3","3","3","3","1","2","3","2","2","3","3","3","3","3","3","3","3"
"2","2","3","3","3","3","3","2","2","2","1","2","3","3","3","2","3","2","3","3"
"2","2","3","1","1","2","2","2","3","3","1","1","2","2","2","2","2","3","2","2"
"2","1","2","3","2","2","2","3","3","3","3","2","1","2","2","1","1","3","2","2"
"1","2","2","2","2","1","1","3","3","2","3","1","1","2","1","1","1","3","1","1"
"3","3","1","3","2","3","3","2","2","3","2","2","2","2","2","3","2","2","2","2"
"3","2","1","3","3","3","3","2","3","3","2","3","3","3","3","2","2","2","2","3"
"2","3","3","1","3","3","3","1","1","1","1","1","2","1","2","3","2","1","2","1"
"1","1","2","3","1","2","1","3","3","2","3","2","1","2","2","1","1","3","1","1"
"2","3","1","3","3","3","3","1","1","3","3","1","3","2","2","3","2","2","2","2"
"2","2","2","2","2","2","2","2","1","2","2","1","3","2","3","2","2","1","2","1"
"2","1","2","3","3","3","3","2","2","3","3","2","1","3","2","1","1","3","1","1"
"1","2","2","1","1","1","1","2","1","1","1","2","2","2","2","1","1","1","1","1"
"3","2","2","2","2","1","1","3","2","1","2","3","3","2","2","2","3","1","3","3"
"1","2","3","1","1","1","1","1","2","1","1","1","1","1","1","1","1","3","2","1"
"1","1","1","3","2","1","1","1","3","3","3","1","1","1","1","1","1","3","1","1"
"3","3","1","3","3","3","3","2","2","3","2","2","3","3","3","3","2","2","2","3"
"1","1","2","1","2","3","3","1","1","3","3","1","1","2","2","1","1","2","1","1"
"1","1","1","3","3","3","3","3","3","2","3","1","1","2","1","1","1","3","1","1"
"3","3","2","2","1","1","1","3","3","1","2","2","3","3","3","3","3","2","3","3"
"2","3","1","3","3","3","3","2","1","1","3","2","1","1","1","2","2","1","1","1"
"3","2","3","3","1","1","1","3","2","2","1","3","2","1","2","2","3","1","3","2"
"1","2","3","1","2","1","1","2","1","2","1","1","2","2","2","2","2","2","2","2"
"2","3","2","1","1","1","1","3","1","1","2","2","2","1","2","2","3","1","2","2"
"1","1","3","1","1","1","1","1","2","1","1","2","1","1","1","1","1","1","1","1"
"3","2","1","3","3","3","3","2","1","1","1","2","2","1","1","3","3","1","2","1"
"1","1","1","1","2","3","3","2","3","3","3","1","1","1","1","3","1","3","2","1"
"3","3","2","3","3","3","3","3","3","3","3","3","3","3","3","3","3","3","3","3"
"2","2","3","1","2","2","2","2","3","3","2","2","3","3","3","3","3","3","3","3"
"2","2","3","1","1","2","2","2","1","2","1","2","3","2","3","2","3","1","2","3"
"1","2","2","2","3","2","3","1","1","3","2","1","2","1","2","2","2","1","1","1"
"2","2","2","1","1","1","1","3","2","1","1","3","2","1","2","1","3","1","2","1"
"3","3","3","1","2","1","1","3","1","2","3","3","1","1","1","3","3","1","3","2"
"1","2","3","2","2","2","2","1","2","2","1","2","2","2","2","2","2","2","2","1"
"1","2","3","1","3","2","2","1","2","2","1","1","2","2","2","2","2","2","2","2"
"3","3","3","3","2","2","2","3","3","1","2","3","3","3","3","3","3","2","3","3"
"1","3","3","1","1","1","1","1","1","1","1","2","3","1","2","1","2","1","1","1"
"3","3","1","3","3","3","3","2","3","3","1","3","3","3","3","3","3","3","3","3"
"3","3","1","2","3","3","3","1","1","3","1","1","3","2","2","3","2","2","2","2"
"3","3","1","3","3","3","3","1","1","3","3","1","3","3","3","3","2","3","2","2"
"3","3","2","2","3","3","3","2","2","3","2","2","3","3","3","3","2","3","3","3"
"2","2","1","2","3","2","2","1","2","2","1","1","2","2","2","2","2","2","1","1"
"1","2","2","3","1","1","1","3","2","1","3","2","2","2","2","1","2","2","1","1"
"1","1","3","2","2","1","1","3","1","1","3","1","2","1","1","1","1","1","1","1"
"1","1","1","1","1","1","1","2","3","1","3","1","1","1","1","1","1","3","1","1"
"3","2","1","3","2","1","1","3","2","1","1","3","3","3","3","3","3","2","3","3"
"3","3","1","3","3","3","3","1","1","3","2","2","2","2","2","3","2","2","2","2"
"2","2","1","2","3","3","3","1","2","3","2","2","3","2","3","2","2","2","2","2"
"3","2","3","3","1","1","1","3","2","1","2","2","3","2","3","3","3","1","3","3"
"1","1","3","1","1","2","2","2","1","1","1","2","1","1","1","1","2","1","1","1"
"2","2","2","1","1","3","2","2","2","1","1","2","2","1","2","2","2","2","2","1"
"1","1","3","2","2","2","2","2","3","2","1","2","1","1","1","1","1","2","1","1"
"1","1","1","1","1","3","3","1","1","1","3","3","1","1","1","1","1","1","1","1"
"3","2","2","2","2","2","2","3","2","1","2","3","3","3","3","3","3","2","3","3"
"1","1","2","1","2","1","1","3","1","1","2","2","1","1","1","1","1","1","1","1"
"3","2","1","3","3","3","3","3","3","3","3","3","3","3","3","3","3","3","3","3"
"1","2","3","3","1","2","2","3","2","2","3","1","2","2","2","2","1","3","2","1"
"2","1","1","2","1","2","2","3","3","2","3","3","1","3","2","1","1","3","2","2"
"3","3","2","3","1","3","3","3","1","3","2","3","3","3","3","3","3","3","3","3"
"1","1","3","1","1","2","1","1","3","1","1","1","1","1","1","1","1","3","1","1"
"1","1","2","2","2","3","3","2","1","1","1","3","1","1","1","1","1","1","1","1"
"2","3","3","1","1","1","1","1","2","1","1","2","3","3","3","2","3","2","3","3"
"3","3","1","3","3","3","3","3","1","3","3","3","3","3","3","3","3","3","3","3"
"2","3","2","3","3","1","2","1","2","2","2","1","3","2","2","2","2","2","2","2"
"2","1","2","1","2","2","2","3","3","2","2","2","1","2","2","2","1","3","2","1"
"1","1","1","2","1","1","1","3","3","1","2","2","1","2","1","1","1","3","1","1"
"1","3","1","1","3","1","3","1","1","1","3","2","1","1","1","1","1","1","1","1"
"3","2","2","2","2","2","2","3","3","2","2","3","3","2","3","3","3","2","3","3"
"3","2","1","3","1","1","1","3","2","2","3","3","2","1","2","3","2","3","3","2"
"3","2","1","3","3","3","3","1","2","3","2","2","2","1","2","3","2","1","2","1"
"3","3","1","3","3","3","3","1","2","3","1","2","3","3","3","3","3","3","3","3"
"1","1","2","1","2","2","2","3","1","1","3","3","1","1","1","1","1","1","1","1"
"2","3","1","3","3","2","3","2","1","2","3","1","2","2","2","2","1","1","1","1"
"2","1","2","1","1","1","1","3","3","2","2","2","2","2","2","2","2","2","2","2"
"1","2","3","1","2","1","1","1","2","2","1","1","2","2","2","2","1","2","1","1"
"2","2","3","1","1","2","1","2","2","1","1","2","3","3","3","2","2","2","2","2"
"1","1","3","1","3","2","2","2","1","2","2","1","1","1","1","1","1","1","1","1"
"1","2","3","1","1","1","1","1","1","1","1","2","2","2","2","2","1","2","1","1"
"3","3","2","2","1","1","1","3","2","1","1","3","3","2","3","2","3","1","2","3"
"2","1","1","2","1","1","1","3","2","2","3","3","1","2","1","1","1","1","1","1"
"2","1","2","2","2","2","2","3","3","1","3","1","2","2","2","2","1","3","2","2"
"3","3","1","2","3","3","3","2","1","2","2","3","3","3","3","3","3","1","3","3"
"2","3","3","1","1","3","2","1","2","2","1","1","2","2","2","2","2","2","2","2"
"2","1","1","2","2","2","2","3","3","2","2","3","1","1","1","1","1","3","1","1"
"2","2","2","3","1","2","2","2","1","2","1","3","2","1","2","2","3","1","2","2"
"2","1","3","1","1","1","1","2","3","1","1","2","2","2","2","2","3","2","3","2"
"3","2","2","3","2","3","3","3","1","3","2","3","3","3","3","2","3","3","3","3"
"3","2","1","3","3","3","3","3","1","3","2","2","3","3","3","3","3","3","3","3"
"3","2","1","2","3","3","3","2","3","3","2","3","2","3","3","3","3","3","3","3"
"3","3","3","3","2","2","2","3","3","2","2","3","3","3","3","3","3","3","3","3"
"1","1","2","3","2","1","1","1","2","1","1","1","2","1","1","1","1","1","1","1"
"3","3","3","1","1","1","1","3","1","1","2","3","1","1","1","3","3","1","3","2"
"3","3","1","2","3","2","3","1","1","3","1","1","3","3","3","3","3","1","2","3"
"2","2","2","3","1","1","1","3","2","2","3","3","2","3","2","2","2","2","2","2"
"3","3","1","3","3","3","3","1","2","3","3","2","3","3","3","3","3","3","3","3"
"3","2","2","2","2","3","3","2","2","3","1","3","2","3","3","2","3","2","3","3"
"2","3","3","2","1","1","1","2","1","2","2","3","3","3","3","2","3","1","3","3"
"2","2","1","3","3","3","3","2","1","3","2","1","3","3","3","3","2","2","2","3"
"1","2","2","2","2","1","1","1","2","1","1","1","2","2","2","2","1","2","1","1"
"3","3","1","3","3","2","2","1","1","3","1","2","3","3","3","3","3","2","3","3"
"2","2","2","3","1","1","1","3","3","1","2","2","3","2","3","2","2","2","2","2"
"1","1","2","2","2","1","1","3","3","3","2","3","1","1","1","1","1","3","1","1"
"2","1","3","1","2","2","2","2","3","3","2","2","1","3","3","2","2","3","3","3"
"3","2","2","3","2","3","3","3","3","3","3","2","3","3","3","3","3","3","3","3"
"2","2","3","1","1","2","2","1","2","2","1","3","2","2","2","3","3","1","3","2"
"2","2","2","2","3","3","3","2","1","2","2","2","2","2","2","2","2","1","2","1"
"2","3","2","3","2","2","2","2","1","2","1","2","3","2","3","2","2","1","2","2"
"3","2","2","3","2","3","3","3","1","2","2","3","3","2","3","3","3","2","3","3"
"3","2","3","1","1","3","2","3","3","1","3","2","2","1","1","3","3","3","3","1"
"2","2","3","2","1","2","1","2","2","1","1","3","3","2","2","2","3","1","2","3"
"3","3","3","3","1","2","2","3","3","2","3","3","3","3","3","3","3","3","3","3"
"2","3","2","2","2","1","2","1","3","3","2","1","3","3","3","3","2","3","3","3"
"3","3","1","3","3","2","3","2","2","3","1","3","3","2","3","3","3","2","3","3"
"2","2","3","3","1","1","1","3","3","2","2","2","2","2","2","2","2","2","2","2"
"3","3","2","2","1","1","1","2","3","1","2","3","3","3","3","3","3","2","3","3"
"2","3","3","1","2","2","2","2","1","2","2","2","3","2","3","2","3","2","3","3"
"3","2","2","2","2","2","2","2","2","2","1","3","3","3","3","3","3","2","3","3"
"1","1","3","2","1","1","1","1","3","2","1","1","1","1","1","1","1","2","1","1"
"2","2","2","3","1","1","1","3","2","3","2","2","2","2","2","2","2","2","2","2"
"3","2","1","3","2","2","2","3","3","2","2","2","2","1","2","2","2","3","2","2"
"2","3","3","2","2","2","2","1","2","2","1","1","3","3","3","3","2","3","2","3"
"1","1","3","1","2","1","2","2","1","3","2","1","1","1","1","1","1","1","1","1"
"1","1","3","1","2","2","2","1","1","3","1","1","1","1","1","1","2","2","2","1"
"1","1","3","1","1","3","2","1","1","1","1","2","1","1","1","2","1","1","1","1"
"2","3","3","1","1","1","1","1","1","1","1","1","1","1","1","3","3","1","3","1"
"1","1","3","1","2","1","1","2","3","2","3","1","1","1","1","1","1","3","2","2"
"3","3","1","3","3","3","3","2","1","3","2","1","3","3","3","3","2","2","2","2"
"1","1","3","1","3","2","2","1","1","2","1","1","2","1","1","2","2","1","1","1"
"3","3","1","3","3","3","3","2","3","3","3","3","2","2","2","3","3","3","3","2"
"2","2","2","2","2","2","2","2","3","2","2","2","2","3","2","2","2","3","2","3"
"1","1","1","2","2","2","2","2","1","2","3","2","1","1","1","1","1","1","1","1"
"3","2","2","1","2","2","2","2","3","2","2","3","2","3","3","2","3","2","3","3"
"3","3","1","3","3","3","3","2","3","2","2","2","3","2","2","3","2","3","2","2"
"2","3","2","2","2","1","1","3","2","2","2","2","3","2","2","2","3","2","2","2"
"1","1","3","1","3","2","2","3","3","1","3","1","1","1","1","1","1","3","1","1"
"1","1","2","3","1","1","1","3","1","1","3","1","1","1","1","1","1","1","1","1"
"3","3","2","2","2","1","1","3","3","2","2","3","3","3","3","3","3","2","3","3"
"2","1","3","2","1","2","2","2","2","2","1","2","1","3","2","1","2","2","2","1"
"1","1","3","2","2","2","2","1","3","2","2","2","1","1","1","1","1","1","1","1"
"3","2","1","3","3","3","3","3","2","3","2","3","3","3","3","2","2","3","3","3"
"3","3","1","2","3","3","3","2","2","3","1","2","3","2","3","3","2","3","3","3"
"2","2","2","2","1","1","1","2","2","1","1","3","2","2","2","2","3","1","2","3"
"1","1","1","3","1","1","1","3","1","1","3","2","1","1","1","1","1","1","1","1"
"3","3","2","1","2","3","3","3","1","3","2","2","3","3","3","3","3","3","3","3"
"2","2","3","2","2","2","2","2","1","2","1","2","2","1","2","2","2","1","2","1"
"3","3","1","3","3","3","3","1","1","3","3","3","3","3","3","3","2","2","3","3"
"1","1","3","1","2","2","2","1","1","3","2","1","1","2","1","1","1","2","1","1"
"1","1","3","1","1","2","1","2","3","1","1","3","1","1","1","1","1","3","1","1"
"3","3","1","1","3","2","3","1","1","3","3","3","1","1","1","2","3","1","3","1"
"2","3","2","1","2","3","3","1","1","3","1","2","3","3","3","3","3","2","2","3"
"2","2","2","2","2","2","2","3","2","3","3","1","3","3","3","2","2","3","2","3"
"2","2","2","2","3","3","3","2","2","2","1","2","3","3","3","3","3","2","2","3"
"2","3","3","1","1","2","2","3","3","1","3","2","3","3","3","3","3","3","3","3"
"3","3","3","2","1","1","1","3","3","3","2","1","1","1","1","3","3","3","3","2"
"2","2","1","3","2","2","2","3","1","3","3","3","2","3","3","2","2","2","2","2"
"3","3","2","2","1","1","1","3","2","1","1","3","3","3","3","3","3","3","3","3"
"1","1","2","2","2","3","2","1","3","3","3","1","1","2","1","1","1","3","2","2"
"1","1","1","2","2","1","2","1","2","2","2","1","1","2","2","1","1","2","1","1"
"2","1","1","1","1","2","1","3","1","1","3","2","2","2","2","1","2","1","1","1"
"1","1","2","2","3","1","1","1","1","1","1","1","1","1","1","1","1","1","1","1"
"1","1","2","1","3","1","2","3","3","2","3","1","1","1","1","1","1","3","1","1"
"2","1","1","3","3","2","2","2","3","2","2","3","1","2","1","1","1","1","1","1"
"1","2","2","1","1","2","2","1","1","2","1","1","2","2","2","1","1","1","1","1"
"3","2","2","2","2","1","1","3","1","1","2","3","2","2","2","2","3","1","2","2"
"3","3","2","3","2","3","3","3","3","3","3","3","3","3","3","3","3","3","3","3"
"2","1","2","2","2","2","2","3","3","2","2","3","1","1","1","1","2","1","2","2"
"3","2","1","2","3","3","3","2","2","3","1","3","2","2","2","3","3","3","3","2"
"1","1","2","2","1","1","1","2","1","1","2","1","1","1","1","1","1","1","1","1"
"2","1","3","1","2","2","2","3","2","2","3","3","1","1","1","1","2","1","1","1"
"2","3","3","1","3","3","3","1","1","2","1","1","3","3","3","3","2","3","3","3"
"2","3","1","3","3","3","3","2","3","3","3","1","3","3","3","3","2","3","3","3"
"3","1","1","1","3","3","3","1","3","3","2","3","1","1","1","2","2","3","3","2"
"3","3","1","3","3","2","3","1","3","3","1","1","2","1","2","3","2","3","2","2"
"3","3","2","2","2","3","2","3","3","3","3","2","3","3","3","3","3","3","3","3"
"1","1","2","1","1","2","2","2","1","1","2","2","1","2","2","1","1","2","1","1"
"1","2","3","1","3","2","2","3","2","1","2","1","1","1","1","1","2","1","1","1"
"1","1","2","2","1","2","2","2","3","1","2","2","1","3","2","1","1","3","1","1"
"2","2","3","2","1","2","1","2","2","2","1","2","3","3","3","2","2","2","2","3"
"1","1","3","1","2","2","2","1","3","3","2","1","1","3","2","2","1","3","2","2"
"3","3","2","3","3","3","3","3","3","3","3","3","3","3","3","3","3","3","3","3"
"1","2","1","2","3","1","2","1","1","3","2","1","1","1","1","1","1","1","1","1"
"2","1","2","3","3","1","2","1","1","3","1","1","1","1","1","2","1","3","2","1"
"1","1","2","3","3","2","3","1","2","1","1","2","1","1","1","1","1","1","1","1"
"2","3","2","2","1","1","1","3","3","1","2","1","3","2","3","3","2","3","3","3"
"3","3","1","3","3","3","3","1","1","3","3","1","3","3","3","3","3","2","3","3"
"2","1","2","1","1","2","1","3","3","1","2","1","2","3","3","2","2","2","2","2"
"2","2","2","2","2","2","2","2","1","2","1","3","3","2","3","2","3","1","2","3"
"2","2","2","1","1","2","1","2","2","2","2","2","2","2","2","2","2","2","2","2"
"2","2","1","3","2","2","2","1","2","2","1","2","3","3","3","2","2","2","2","1"
"2","1","3","2","1","2","2","2","1","1","1","3","1","1","1","1","2","1","1","1"
"2","3","2","2","3","2","2","1","1","3","1","1","3","2","3","3","2","3","2","2"
"1","1","3","1","2","2","2","1","2","2","1","2","1","1","1","1","1","1","1","1"
"2","2","3","1","2","3","2","2","1","3","1","2","2","1","1","2","3","2","3","2"
"2","3","3","1","1","1","1","2","1","2","1","2","3","2","3","2","3","1","3","3"
"3","2","1","2","3","3","3","2","2","3","1","1","3","3","3","3","3","2","2","3"
"2","2","2","2","2","3","2","2","1","2","2","3","3","3","3","2","3","1","2","3"
"1","1","1","1","1","1","1","1","1","1","1","3","1","1","1","1","1","1","1","1"
"2","1","1","2","3","3","3","2","1","3","2","3","2","2","2","1","2","1","1","1"
"3","2","2","2","2","2","2","3","2","2","1","3","3","3","3","3","3","2","3","3"
"1","1","2","1","1","1","1","3","3","1","2","1","2","2","2","2","1","3","2","2"
"3","2","1","2","3","3","3","2","1","1","2","2","2","2","2","3","2","2","2","2"
"2","1","2","3","1","2","2","3","3","1","1","3","1","2","1","1","2","1","2","1"
"1","1","2","1","2","1","1","2","3","3","1","1","1","1","1","1","1","3","1","1"
"2","2","2","1","3","2","2","1","1","2","1","1","2","1","2","2","2","1","1","1"
"2","2","2","1","1","1","1","2","2","1","1","2","3","2","3","2","3","2","2","3"
"2","1","2","2","2","2","2","2","3","1","1","2","1","1","1","1","2","3","2","1"
"1","1","1","2","1","1","1","3","1","3","3","3","1","1","1","1","1","1","1","1"
"3","3","1","3","3","3","3","2","1","3","2","2","3","2","3","3","3","2","3","3"
"3","3","2","3","2","3","2","3","3","3","2","3","2","2","2","3","3","3","3","3"
"3","3","2","1","3","3","3","2","2","1","2","2","2","1","2","3","3","3","3","2"
"1","1","1","3","3","3","3","1","1","3","2","2","1","1","1","1","1","2","1","1"
"2","2","2","2","2","2","2","3","3","2","3","3","2","3","2","2","2","2","2","3"
"1","1","3","1","1","1","1","2","3","2","3","1","1","2","1","1","1","3","2","1"
"3","3","3","3","2","1","1","3","2","2","2","3","3","3","3","3","3","2","3","3"
"3","3","1","3","1","1","1","3","1","1","3","3","1","1","1","2","2","1","1","1"
"2","2","1","2","2","1","1","3","2","2","2","2","2","2","2","2","1","2","1","1"
"2","3","1","3","3","2","3","1","3","3","2","1","3","2","3","3","2","3","2","2"
"3","2","2","2","2","2","2","2","1","3","1","3","3","3","3","2","3","2","3","3"
"2","2","1","1","3","1","2","2","1","3","2","2","2","2","2","2","2","1","2","1"
"3","3","3","3","3","3","3","2","2","2","1","3","3","3","3","3","3","1","3","3"
"3","3","3","2","2","2","2","3","2","1","3","3","3","3","3","3","3","3","3","3"
"1","1","3","2","1","1","1","2","1","1","2","2","1","2","2","1","1","1","1","1"
"3","3","2","2","2","3","3","2","1","3","1","3","3","2","3","3","3","1","3","3"
"2","2","2","2","1","2","1","3","3","1","3","2","2","2","2","2","2","2","2","2"
"2","1","3","2","1","1","1","3","3","1","3","1","2","1","1","2","2","2","1","1"
"2","3","1","3","3","3","3","1","2","3","3","1","2","2","2","2","1","2","1","1"
"1","1","2","3","3","2","2","1","2","3","2","1","2","2","2","2","1","2","1","1"
"3","3","1","3","3","3","3","2","2","3","3","3","2","1","2","3","3","2","3","2"
"3","2","3","2","2","3","3","1","1","3","1","3","3","3","3","2","3","1","2","3"
"1","2","1","2","3","2","2","1","2","3","2","2","1","2","2","1","1","1","1","1"
"2","1","1","3","2","2","2","3","2","2","2","3","1","2","1","1","2","1","2","1"
"3","2","1","1","3","3","3","1","3","1","1","2","1","1","1","3","1","1","1","1"
"2","2","3","1","1","1","1","2","3","1","1","2","2","3","2","2","2","2","2","3"
"1","3","3","2","1","2","1","1","3","2","3","1","2","3","3","2","2","3","2","3"
"1","1","3","3","1","2","1","1","1","3","2","3","1","1","1","1","2","2","1","1"
"1","1","2","1","1","1","1","2","3","2","3","1","1","2","2","1","1","2","1","1"
"3","2","2","1","1","1","1","3","2","2","1","3","3","3","3","3","3","2","3","3"
"2","2","1","1","2","2","2","3","3","1","3","1","2","3","3","3","2","3","3","3"
"1","1","3","1","1","2","2","1","3","1","3","2","1","1","1","1","1","3","1","1"
"3","1","1","3","3","3","3","1","1","3","1","3","1","1","1","2","2","1","2","1"
"1","3","2","1","2","1","1","1","1","2","1","1","2","2","2","2","2","1","2","1"
"3","3","1","2","3","3","3","2","2","3","1","2","3","2","2","3","3","3","3","2"
"2","3","3","1","2","1","1","2","2","2","1","1","2","1","2","3","2","2","2","2"
"1","3","3","2","2","2","2","1","1","2","3","2","1","1","1","2","1","2","1","1"
"1","2","2","2","2","2","2","1","3","2","2","2","1","2","1","1","1","1","1","1"
"1","1","3","1","1","1","1","1","1","1","1","1","1","1","1","1","1","1","1","1"
"2","2","3","3","1","2","1","2","2","1","1","2","2","2","2","2","2","1","2","2"
"3","3","1","3","3","3","3","1","2","3","3","1","2","2","2","3","2","3","3","2"
"1","1","1","2","3","3","3","1","1","3","3","2","1","1","1","1","1","2","1","1"
"3","3","2","3","1","2","2","3","3","1","2","3","3","3","3","3","3","1","3","3"
"2","2","3","1","1","1","1","1","2","2","1","3","3","3","3","2","3","1","3","3"
"1","3","3","1","1","1","1","1","1","1","1","1","3","2","3","2","2","1","2","2"
"1","3","3","1","2","1","1","1","1","2","3","1","1","1","1","2","2","2","2","1"
"2","2","3","2","1","1","1","3","2","1","2","2","3","3","3","2","2","2","2","2"
"3","2","2","3","3","3","3","2","2","3","2","3","3","2","2","3","3","2","3","3"
"3","3","3","2","2","3","3","2","2","3","1","3","3","2","3","3","3","2","3","3"
"3","2","2","2","2","1","1","3","3","2","2","3","3","3","3","2","3","2","3","3"
"3","3","3","1","1","1","1","1","1","1","1","3","1","1","1","3","3","3","3","1"
"1","1","3","1","1","1","1","3","1","2","1","3","1","2","1","1","2","1","1","1"
"3","3","1","3","3","3","3","3","3","3","3","3","2","2","2","3","3","3","3","3"
"1","1","1","1","1","3","3","1","1","1","3","2","1","1","1","1","1","1","1","1"
"2","3","2","1","2","1","1","2","2","1","1","2","3","3","3","2","2","2","2","2"
"2","2","1","2","3","3","3","2","3","3","3","1","2","3","2","3","1","3","3","2"
"1","1","2","1","2","2","2","2","1","2","3","2","1","1","1","1","1","1","1","1"
"2","2","2","2","2","3","2","2","2","1","1","3","2","3","3","3","3","2","2","3"
"2","2","2","2","2","3","3","2","2","2","3","2","2","3","3","2","2","2","2","2"
"3","3","1","3","1","1","1","3","3","1","2","1","2","1","1","3","3","3","3","2"
"3","2","1","3","3","3","3","1","1","2","1","3","1","1","1","2","2","1","1","1"
"2","3","1","3","3","3","3","1","1","3","3","2","1","1","1","2","1","2","1","1"
"2","1","2","2","2","2","2","3","2","2","3","3","1","2","1","1","2","1","1","1"
"2","1","1","2","3","2","2","1","1","1","1","3","2","1","1","2","2","1","1","1"
"1","1","2","3","3","1","1","3","3","1","3","2","1","1","1","1","1","1","1","1"
"2","1","1","2","3","3","3","3","3","2","3","3","1","3","3","2","2","3","3","3"
"3","3","2","2","2","1","1","3","2","2","2","3","3","2","3","2","3","1","2","3"
"2","3","3","2","3","3","3","1","2","3","2","1","3","2","2","3","3","2","3","3"
"1","1","2","2","2","2","2","1","2","2","3","2","1","2","1","1","1","2","1","1"
"3","3","1","3","3","3","3","2","3","3","1","2","3","3","3","3","3","3","3","3"
"2","2","2","2","1","1","1","3","3","1","2","2","2","3","3","2","2","3","3","3"
"1","1","3","1","1","1","1","3","2","1","3","1","1","2","2","1","1","2","1","1"
"2","2","2","2","1","1","1","3","2","1","3","2","2","2","2","2","2","2","2","2"
"1","1","2","2","3","3","3","2","3","1","3","3","1","1","1","1","1","3","1","1"
"3","1","1","3","3","3","3","2","3","3","3","2","1","1","1","2","1","3","2","1"
"3","2","1","2","3","3","3","1","3","3","3","1","2","2","2","3","2","3","3","2"
"3","3","1","3","2","3","3","1","3","3","3","1","2","2","2","3","3","3","3","3"
"3","3","3","1","1","3","3","2","1","3","1","3","3","3","3","3","3","3","3","3"
"1","1","2","1","2","1","1","3","3","2","3","2","1","2","1","1","1","2","1","1"
"3","2","1","3","3","3","3","2","2","3","3","3","2","3","3","3","2","3","3","3"
"2","2","1","3","3","2","2","2","2","2","2","1","2","2","2","2","1","2","2","1"
"2","1","2","1","3","3","3","1","2","2","1","3","1","1","1","1","1","1","1","1"
"2","2","2","2","2","3","3","2","2","2","3","1","2","3","2","2","2","3","2","2"
"3","3","1","3","3","3","3","3","2","3","3","2","3","3","3","3","3","3","3","3"
"1","1","3","2","2","2","2","1","1","1","2","1","1","2","2","1","1","2","1","1"
"3","2","1","2","3","3","3","1","1","3","2","1","2","2","2","3","2","2","2","2"
"3","3","1","2","3","3","3","1","1","3","2","3","2","1","2","2","2","2","2","1"
"3","3","2","2","1","2","2","3","3","3","2","3","3","3","3","3","3","3","3","3"
"3","3","2","2","3","3","3","3","2","2","3","3","3","3","3","3","3","3","3","3"
"1","1","1","1","3","2","2","1","1","1","3","2","1","1","1","1","1","1","1","1"
"2","3","3","2","2","2","2","2","2","1","2","1","2","1","2","2","2","1","1","1"
"2","2","3","3","2","2","2","1","3","2","1","2","3","3","3","2","2","2","2","2"
"3","3","1","3","3","3","3","3","3","2","3","2","3","2","3","3","2","3","3","2"
"1","1","3","1","1","2","2","3","1","1","1","3","1","1","1","1","1","1","1","1"
"2","1","1","1","3","3","3","2","3","3","3","2","1","1","1","1","1","2","1","1"
"3","2","1","1","3","2","3","2","2","2","2","3","2","2","2","2","3","1","2","2"
"2","1","1","2","1","1","1","3","2","1","2","3","2","2","2","2","2","1","1","1"
"2","3","3","1","2","2","2","3","2","2","2","2","2","1","2","2","3","2","3","2"
"1","2","3","2","2","2","2","1","3","2","1","1","2","2","2","2","2","3","2","3"
"3","1","1","1","1","1","1","1","3","1","1","3","1","1","1","3","2","3","3","1"
"1","1","2","3","1","2","1","2","3","2","3","1","1","2","1","1","1","3","1","1"
"3","3","3","3","2","2","2","3","3","1","2","3","3","3","3","3","3","3","3","3"
"3","3","2","3","3","3","3","1","3","1","2","1","1","1","1","3","3","3","3","1"
"2","1","2","1","2","1","1","3","3","2","2","2","2","1","2","2","3","2","2","2"
"3","2","1","2","2","2","2","3","3","2","3","3","2","2","2","2","3","2","2","3"
"1","1","2","1","3","2","2","2","2","2","1","2","1","1","1","1","1","2","1","1"
"1","2","1","3","1","1","1","3","3","1","3","1","1","1","1","1","1","3","2","1"
"1","1","1","3","1","1","1","2","2","2","1","1","1","1","1","1","1","1","1","1"
"2","2","3","1","2","2","2","2","1","1","1","1","2","1","1","2","2","1","1","1"
"2","3","1","3","3","3","3","1","1","2","3","1","1","1","1","3","1","2","1","1"
"3","3","1","3","3","3","3","3","2","3","3","2","3","3","3","3","2","3","3","3"
"1","3","1","3","3","3","3","1","1","3","3","1","1","2","2","1","1","2","1","1"
"3","3","1","2","3","2","3","1","2","3","3","1","3","3","3","3","2","3","3","3"
"1","1","3","3","2","1","2","1","3","2","3","1","1","1","1","1","1","2","1","1"
"3","3","2","1","2","3","3","2","3","2","1","2","3","3","3","3","3","3","3","3"
"3","2","2","2","3","3","3","2","2","2","1","3","3","3","3","2","3","1","3","3"
"3","2","2","3","2","3","3","1","1","3","1","3","3","3","3","2","3","2","3","3"
"3","3","1","3","3","3","3","2","3","2","1","1","3","3","3","3","3","3","3","3"
"1","1","3","1","1","1","1","2","2","2","3","2","1","2","2","1","1","2","1","1"
"1","1","2","1","3","1","2","1","2","2","1","1","1","1","1","2","1","1","1","1"
"2","2","3","2","2","2","2","2","3","2","3","3","1","3","2","1","2","2","2","3"
"1","1","3","1","1","1","1","1","1","1","3","3","1","1","1","1","1","1","1","1"
"1","1","3","1","1","1","1","2","1","2","1","2","1","1","1","1","1","1","1","1"
"1","1","3","3","3","2","2","1","1","3","3","2","1","1","1","1","1","2","1","1"
"1","1","3","3","1","3","3","2","1","1","3","2","1","1","1","1","1","1","1","1"
"3","3","1","2","3","3","3","2","2","3","3","2","2","2","2","3","2","1","2","1"
"3","3","1","3","3","3","3","3","1","3","3","3","3","3","3","3","3","2","3","3"
"3","2","1","1","3","3","3","3","2","1","2","3","2","2","2","1","3","1","2","2"
"1","1","2","2","1","1","1","3","3","3","3","3","1","1","1","1","1","1","1","1"
"3","3","3","2","1","1","1","3","1","1","1","3","3","3","3","3","3","1","3","3"
"1","1","3","1","1","2","2","1","3","1","2","2","1","1","1","1","1","2","1","1"
"3","3","1","3","3","3","3","1","1","3","2","2","2","2","2","3","3","3","3","2"
"2","2","2","1","2","1","1","2","3","3","2","2","3","3","3","2","2","3","3","3"
"1","1","2","2","1","1","1","1","2","1","1","1","1","1","1","1","1","1","1","1"
"2","2","3","2","1","1","1","3","2","1","2","3","3","2","2","2","2","1","2","2"
"2","2","1","2","3","2","2","1","3","3","3","1","2","2","2","2","2","3","2","2"
"1","1","1","1","3","3","3","1","3","1","1","1","1","1","1","2","1","3","2","1"
"2","2","2","1","2","1","1","1","3","1","1","1","2","1","2","2","2","3","2","2"
"3","2","2","1","1","2","2","3","3","1","3","2","3","3","3","2","3","2","2","3"
"2","1","1","2","2","1","1","2","1","2","2","3","1","1","1","1","2","1","1","1"
"1","1","3","2","1","2","1","2","3","2","2","2","1","2","1","1","1","2","1","1"
"2","2","3","2","2","2","2","3","3","2","1","2","3","3","3","3","3","3","3","3"
"3","2","2","3","2","2","2","3","3","1","3","3","3","3","3","3","2","3","3","3"
"2","1","2","2","2","2","2","3","2","2","3","3","1","2","1","1","3","1","2","2"
"3","3","1","3","3","3","3","2","1","2","3","3","3","3","3","3","2","2","2","2"
"2","3","1","2","3","3","3","1","2","3","1","1","2","1","2","3","2","3","2","2"
"3","3","3","2","3","2","3","2","1","1","2","3","3","3","3","3","3","2","3","3"
"3","3","2","2","2","2","2","3","2","2","3","1","3","2","3","3","3","3","3","3"
"3","1","1","2","2","1","1","3","2","1","2","3","3","2","2","2","3","1","2","3"
"2","3","2","1","2","2","2","2","1","1","2","2","3","2","2","2","2","1","2","2"
"3","3","2","2","2","3","3","1","3","2","1","2","2","3","2","3","3","3","3","3"
"2","2","3","2","2","1","1","3","2","1","3","3","1","1","1","1","2","1","1","1"
"2","1","1","3","1","1","1","3","3","1","3","2","1","1","1","1","1","1","1","1"
"1","1","3","2","2","2","2","2","2","2","3","1","1","1","1","1","1","2","1","1"
"2","2","2","2","3","3","3","2","3","3","2","1","3","3","3","3","2","3","3","3"
"1","1","3","1","3","2","3","1","3","1","1","2","1","1","1","1","1","3","1","1"
"3","2","1","3","3","3","3","3","3","3","3","3","3","3","3","3","3","3","3","3"
"2","2","2","3","2","1","1","2","2","1","3","3","2","2","2","1","2","1","1","1"
"1","1","1","1","2","1","1","3","2","1","3","2","1","1","1","1","1","1","1","1"
"1","1","1","3","1","3","2","1","1","1","1","3","1","1","1","1","1","1","1","1"
"2","1","3","2","2","1","1","3","3","2","3","2","1","3","2","2","2","3","2","2"
"2","1","2","2","2","2","2","3","2","2","3","3","1","3","1","1","2","1","2","1"
"3","2","1","1","1","1","1","3","2","2","2","3","3","3","3","2","2","2","3","3"
"1","2","3","1","1","1","1","2","2","1","2","1","2","2","2","1","2","1","1","1"
"1","1","2","2","3","2","2","1","1","3","2","3","1","1","1","1","1","1","1","1"
"1","1","1","1","3","1","3","1","1","1","1","1","1","1","1","1","1","1","1","1"
"1","3","3","1","1","1","1","1","1","2","1","1","3","2","2","2","2","1","2","1"
"2","2","3","1","2","3","2","2","1","3","1","3","1","2","2","1","3","1","2","2"
"1","2","3","2","1","2","1","2","1","1","3","1","2","1","1","1","2","1","2","1"
"2","1","2","2","2","3","3","3","2","2","3","3","1","3","2","1","2","2","2","2"
"3","3","3","3","1","1","1","1","1","1","3","3","2","1","1","3","3","3","3","1"
"1","3","3","1","1","3","2","3","1","2","3","1","2","1","1","2","1","3","2","1"
"3","3","1","1","1","3","3","1","1","1","1","3","1","1","1","3","1","3","3","1"
"1","1","1","3","3","3","3","2","2","2","3","2","1","1","1","1","1","3","1","1"
"2","3","2","3","2","2","2","2","2","3","1","2","3","3","3","3","3","3","3","3"
"2","1","1","3","1","1","1","3","2","1","3","2","2","2","2","1","1","1","1","1"
"3","2","2","3","1","1","1","3","3","2","3","3","3","2","3","2","3","1","3","3"
"1","1","2","3","1","1","1","3","3","1","2","1","1","1","1","1","1","2","1","1"
"2","3","3","1","2","2","2","2","2","1","2","2","2","1","1","2","3","1","3","2"
"1","2","3","1","1","1","1","2","3","2","2","2","2","2","2","1","2","2","2","1"
"2","2","3","1","1","1","1","3","1","1","3","2","2","2","2","2","2","1","2","2"
"1","2","3","1","1","1","1","2","3","2","2","1","1","2","2","1","1","3","2","1"
"3","3","2","3","3","3","3","2","2","3","3","1","3","3","3","3","2","3","3","2"
"2","1","3","3","2","1","1","3","1","1","3","3","1","1","1","1","2","1","1","1"
"1","1","3","2","2","1","2","1","1","2","2","1","2","2","2","1","1","2","1","1"
"3","3","2","1","1","1","1","2","1","2","1","3","3","3","3","2","3","1","2","3"
"2","3","1","3","3","3","3","1","1","2","2","1","3","2","2","3","2","1","1","1"
"1","2","2","3","2","1","1","1","3","3","3","1","1","2","2","1","1","3","2","1"
"2","3","3","3","2","2","2","1","1","2","1","1","3","3","3","3","3","2","3","3"
"3","3","1","3","3","3","3","2","1","3","1","3","3","3","3","3","3","2","3","3"
"1","2","3","1","2","3","3","1","3","2","2","1","2","3","3","2","2","3","2","2"
"1","2","1","2","1","2","1","2","1","2","2","1","2","3","2","2","1","3","2","1"
"3","3","1","3","3","3","3","1","1","3","2","2","3","3","3","3","2","3","2","3"
"2","2","1","3","3","2","2","2","3","3","2","1","2","3","3","3","2","3","3","3"
"1","1","2","2","1","1","1","3","3","1","3","2","1","2","1","1","1","1","1","1"
"3","3","1","3","3","3","3","1","1","3","2","3","3","3","3","3","3","2","3","3"
"2","2","3","1","2","3","2","3","2","1","2","2","2","3","2","2","2","2","2","2"
"3","2","3","2","1","2","1","3","3","2","2","2","3","3","3","3","3","3","3","3"
"2","1","1","2","3","3","3","1","1","2","2","1","2","2","2","2","2","2","2","2"
"3","2","1","1","3","3","3","3","2","3","2","3","2","3","3","2","3","3","3","3"
"2","1","1","3","2","2","2","3","3","3","3","3","1","2","2","1","2","2","2","2"
"1","1","2","1","1","1","1","3","2","2","2","3","1","2","1","1","2","1","1","1"
"3","3","2","3","1","1","1","3","2","1","1","3","3","3","3","3","3","1","3","3"
"3","1","2","3","1","1","1","3","3","3","3","3","2","3","2","2","3","2","3","3"
"1","2","1","3","2","1","1","2","2","2","2","2","2","2","2","1","1","2","1","1"
"2","2","3","2","1","1","1","3","3","2","1","1","2","1","1","3","2","3","3","2"
"3","3","1","3","3","3","3","1","1","1","1","3","2","1","1","3","3","1","2","1"
"3","2","1","2","3","1","2","1","2","2","1","3","3","2","3","2","3","1","2","3"
"1","1","3","1","1","3","2","1","1","3","1","1","1","1","1","1","1","2","1","1"
"1","1","3","1","3","2","2","1","1","1","2","1","1","1","1","1","1","1","1","1"
"1","2","2","2","2","2","2","2","3","3","3","1","1","1","1","2","1","3","2","2"
"3","3","1","2","3","3","3","3","3","3","3","3","3","3","3","3","3","3","3","3"
"3","2","1","3","3","3","3","3","3","1","3","3","3","3","3","3","3","3","3","3"
"1","1","3","1","1","2","2","1","1","1","1","2","1","1","1","1","1","1","1","1"
"3","3","2","3","2","2","2","2","2","3","2","1","2","1","1","3","3","3","3","2"
"1","3","3","2","2","2","2","1","1","2","1","1","2","1","1","2","2","2","2","1"
"2","2","1","2","2","2","2","3","3","2","3","3","1","1","1","1","1","2","1","1"
"3","3","1","3","3","3","3","1","2","3","2","3","3","3","3","3","3","3","3","3"
"2","1","2","2","2","1","2","2","2","2","1","3","2","3","2","1","2","1","2","1"
"1","1","3","3","3","3","3","2","2","1","1","1","1","1","1","2","1","3","2","1"
"1","1","3","1","2","1","1","1","1","1","2","1","1","1","1","1","1","1","1","1"
"1","1","1","3","2","3","3","3","3","2","3","2","1","1","1","1","1","3","1","1"
"1","1","2","1","1","1","1","2","3","2","1","1","2","2","2","1","1","3","2","1"
"1","1","3","1","1","2","1","1","1","1","1","2","1","1","1","1","1","1","1","1"
"3","3","2","3","1","1","1","3","2","1","2","3","3","2","3","3","3","1","3","3"
"2","3","3","2","2","2","2","1","2","2","1","1","3","3","3","3","3","2","3","3"
"1","1","3","1","1","1","1","1","1","1","3","3","1","1","1","1","1","1","1","1"
"2","2","2","3","3","2","3","1","3","2","2","3","2","1","1","2","2","2","2","2"
"1","3","2","1","2","2","2","1","3","2","3","1","1","1","1","1","2","2","2","1"
"2","3","3","1","1","2","1","1","1","3","1","1","2","1","1","2","3","2","3","2"
"2","1","2","2","2","3","3","2","2","2","2","2","2","3","2","2","2","3","2","2"
"1","1","3","1","2","3","3","1","1","3","1","3","1","1","1","1","1","2","1","1"
"1","1","1","1","3","1","1","1","1","1","1","1","1","1","1","1","1","1","1","1"
"3","3","1","3","3","3","3","1","3","3","1","1","2","2","2","3","3","3","3","2"
"3","3","2","2","2","2","2","3","3","3","2","2","3","3","3","3","3","3","3","3"
"2","2","3","3","3","2","3","2","1","3","3","1","2","1","2","3","2","2","2","1"
"1","1","3","3","1","1","1","1","1","1","1","1","1","1","1","1","1","1","1","1"
"1","2","2","1","2","1","1","2","2","1","2","2","2","2","1","1","2","1","1","1"
"1","2","3","1","1","1","1","1","2","1","1","2","2","2","2","2","2","1","1","1"
"2","2","1","1","3","2","2","2","3","2","1","2","3","3","3","2","3","3","3","3"
"3","3","1","3","3","3","3","1","1","3","3","1","2","2","2","3","2","2","2","2"
"3","3","1","2","3","3","3","1","1","3","2","2","3","2","2","3","2","1","2","2"
"1","1","3","1","1","2","2","2","2","2","3","1","1","2","1","1","1","2","1","1"
"3","3","1","3","3","3","3","1","1","3","2","2","2","1","2","3","3","1","3","2"
"3","2","1","3","3","3","3","2","1","3","3","2","2","2","2","3","2","2","2","1"
