"group","node1","node2","edge_probability","selected","match_rate"
1,"PER","TS%",0.128625,0,1
1,"PER","3PAr",0.979375,1,1
1,"TS%","3PAr",0.094375,0,1
1,"PER","FTr",0.13575,0,1
1,"TS%","FTr",0.0143125,0,1
1,"3PAr","FTr",0.63275,1,1
1,"PER","ORB%",0.2009375,0,1
1,"TS%","ORB%",0.023125,0,1
1,"3PAr","ORB%",0.148375,0,1
1,"FTr","ORB%",0.0248125,0,1
1,"PER","DRB%",0.0594375,0,1
1,"TS%","DRB%",0.0274375,0,1
1,"3PAr","DRB%",0.023,0,1
1,"FTr","DRB%",0.01375,0,1
1,"ORB%","DRB%",1,1,1
1,"PER","TRB%",0.112875,0,1
1,"TS%","TRB%",0.0274375,0,1
1,"3PAr","TRB%",0.0391875,0,1
1,"FTr","TRB%",0.01225,0,1
1,"ORB%","TRB%",1,1,1
1,"DRB%","TRB%",1,1,1
1,"PER","AST%",0.9430625,1,1
1,"TS%","AST%",0.8700625,1,1
1,"3PAr","AST%",0.05025,0,1
1,"FTr","AST%",0.0838125,0,1
1,"ORB%","AST%",0.025875,0,1
1,"DRB%","AST%",0.3151875,0,1
1,"TRB%","AST%",0.3733125,0,1
1,"PER","STL%",0.0579375,0,1
1,"TS%","STL%",0.035,0,1
1,"3PAr","STL%",0.0331875,0,1
1,"FTr","STL%",0.013875,0,1
1,"ORB%","STL%",0.017,0,1
1,"DRB%","STL%",0.15375,0,1
1,"TRB%","STL%",0.057125,0,1
1,"AST%","STL%",0.991375,1,1
1,"PER","BLK%",0.0455,0,1
1,"TS%","BLK%",0.039125,0,1
1,"3PAr","BLK%",0.03175,0,1
1,"FTr","BLK%",0.1161875,0,1
1,"ORB%","BLK%",0.44425,0,1
1,"DRB%","BLK%",0.0189375,0,1
1,"TRB%","BLK%",0.0318125,0,1
1,"AST%","BLK%",0.019875,0,1
1,"STL%","BLK%",0.020875,0,1
1,"PER","TOV%",0.1296875,0,1
1,"TS%","TOV%",0.9415625,1,1
1,"3PAr","TOV%",0.670875,1,1
1,"FTr","TOV%",0.052,0,1
1,"ORB%","TOV%",0.0150625,0,1
1,"DRB%","TOV%",0.0134375,0,1
1,"TRB%","TOV%",0.0118125,0,1
1,"AST%","TOV%",0.9294375,1,1
1,"STL%","TOV%",0.015625,0,1
1,"BLK%","TOV%",0.0171875,0,1
1,"PER","USG%",0.971375,1,1
1,"TS%","USG%",0.05175,0,1
1,"3PAr","USG%",0.0270625,0,1
1,"FTr","USG%",0.0165625,0,1
1,"ORB%","USG%",0.0445625,0,1
1,"DRB%","USG%",0.2490625,0,1
1,"TRB%","USG%",0.0834375,0,1
1,"AST%","USG%",0.0728125,0,1
1,"STL%","USG%",0.0260625,0,1
1,"BLK%","USG%",0.020625,0,1
1,"TOV%","USG%",0.0275625,0,1
1,"PER","OWS",0.2268125,0,1
1,"TS%","OWS",0.1221875,0,1
1,"3PAr","OWS",0.1140625,0,1
1,"FTr","OWS",0.0400625,0,1
1,"ORB%","OWS",0.1413125,0,1
1,"DRB%","OWS",0.0525625,0,1
1,"TRB%","OWS",0.05225,0,1
1,"AST%","OWS",0.1575625,0,1
1,"STL%","OWS",0.5385625,1,1
1,"BLK%","OWS",0.31275,0,1
1,"TOV%","OWS",0.362,0,1
1,"USG%","OWS",0.098875,0,1
1,"PER","DWS",0.32225,0,1
1,"TS%","DWS",0.1415625,0,1
1,"3PAr","DWS",0.07075,0,1
1,"FTr","DWS",0.0968125,0,1
1,"ORB%","DWS",0.28825,0,1
1,"DRB%","DWS",0.0969375,0,1
1,"TRB%","DWS",0.170625,0,1
1,"AST%","DWS",0.057625,0,1
1,"STL%","DWS",0.0635,0,1
1,"BLK%","DWS",0.8775625,1,1
1,"TOV%","DWS",0.055,0,1
1,"USG%","DWS",0.0660625,0,1
1,"OWS","DWS",0.2656875,0,1
1,"PER","WS/48",0.99975,1,1
1,"TS%","WS/48",0.9821875,1,1
1,"3PAr","WS/48",0.082875,0,1
1,"FTr","WS/48",0.0451875,0,1
1,"ORB%","WS/48",0.069,0,1
1,"DRB%","WS/48",0.0431875,0,1
1,"TRB%","WS/48",0.029625,0,1
1,"AST%","WS/48",0.133875,0,1
1,"STL%","WS/48",0.066625,0,1
1,"BLK%","WS/48",0.070875,0,1
1,"TOV%","WS/48",0.828625,1,1
1,"USG%","WS/48",0.9794375,1,1
1,"OWS","WS/48",0.952375,1,1
1,"DWS","WS/48",0.379375,0,1
1,"PER","OBPM",1,1,1
1,"TS%","OBPM",0.8646875,1,1
1,"3PAr","OBPM",0.986,1,1
1,"FTr","OBPM",0.0865625,0,1
1,"ORB%","OBPM",0.0293125,0,1
1,"DRB%","OBPM",0.03425,0,1
1,"TRB%","OBPM",0.035125,0,1
1,"AST%","OBPM",0.0871875,0,1
1,"STL%","OBPM",0.0354375,0,1
1,"BLK%","OBPM",0.0681875,0,1
1,"TOV%","OBPM",0.3885625,0,1
1,"USG%","OBPM",0.0528125,0,1
1,"OWS","OBPM",0.180875,0,1
1,"DWS","OBPM",0.168375,0,1
1,"WS/48","OBPM",0.22775,0,1
1,"PER","DBPM",0.067625,0,1
1,"TS%","DBPM",0.028375,0,1
1,"3PAr","DBPM",0.0550625,0,1
1,"FTr","DBPM",0.146625,0,1
1,"ORB%","DBPM",0.044,0,1
1,"DRB%","DBPM",0.110125,0,1
1,"TRB%","DBPM",0.1390625,0,1
1,"AST%","DBPM",0.0860625,0,1
1,"STL%","DBPM",1,1,1
1,"BLK%","DBPM",0.212875,0,1
1,"TOV%","DBPM",0.0119375,0,1
1,"USG%","DBPM",0.5316875,1,1
1,"OWS","DBPM",0.103625,0,1
1,"DWS","DBPM",0.938125,1,1
1,"WS/48","DBPM",0.1778125,0,1
1,"OBPM","DBPM",0.0484375,0,1
1,"PER","VORP",0.28575,0,1
1,"TS%","VORP",0.1241875,0,1
1,"3PAr","VORP",0.150875,0,1
1,"FTr","VORP",0.0991875,0,1
1,"ORB%","VORP",0.384625,0,1
1,"DRB%","VORP",0.0673125,0,1
1,"TRB%","VORP",0.080375,0,1
1,"AST%","VORP",0.0991875,0,1
1,"STL%","VORP",0.159,0,1
1,"BLK%","VORP",0.1935625,0,1
1,"TOV%","VORP",0.0545625,0,1
1,"USG%","VORP",0.5553125,1,1
1,"OWS","VORP",0.8791875,1,1
1,"DWS","VORP",0.2071875,0,1
1,"WS/48","VORP",0.209375,0,1
1,"OBPM","VORP",0.8540625,1,1
1,"DBPM","VORP",0.241125,0,1
2,"PER","TS%",0.209125,0,1
2,"PER","3PAr",0.32575,0,1
2,"TS%","3PAr",0.1201875,0,1
2,"PER","FTr",0.01025,0,1
2,"TS%","FTr",0.01025,0,1
2,"3PAr","FTr",0.01225,0,1
2,"PER","ORB%",0.03525,0,1
2,"TS%","ORB%",0.0218125,0,1
2,"3PAr","ORB%",0.06875,0,1
2,"FTr","ORB%",0.017625,0,1
2,"PER","DRB%",0.038375,0,1
2,"TS%","DRB%",0.063875,0,1
2,"3PAr","DRB%",0.2639375,0,1
2,"FTr","DRB%",0.013375,0,1
2,"ORB%","DRB%",0.2604375,0,1
2,"PER","TRB%",0.035625,0,1
2,"TS%","TRB%",0.059625,0,1
2,"3PAr","TRB%",0.68125,1,1
2,"FTr","TRB%",0.01425,0,1
2,"ORB%","TRB%",0.9884375,1,1
2,"DRB%","TRB%",0.990125,1,1
2,"PER","AST%",0.0421875,0,1
2,"TS%","AST%",0.032125,0,1
2,"3PAr","AST%",0.2191875,0,1
2,"FTr","AST%",0.012375,0,1
2,"ORB%","AST%",0.0498125,0,1
2,"DRB%","AST%",0.0505625,0,1
2,"TRB%","AST%",0.060625,0,1
2,"PER","STL%",0.0585625,0,1
2,"TS%","STL%",0.657375,1,1
2,"3PAr","STL%",0.067625,0,1
2,"FTr","STL%",0.0065625,0,1
2,"ORB%","STL%",0.0235,0,1
2,"DRB%","STL%",0.025625,0,1
2,"TRB%","STL%",0.0154375,0,1
2,"AST%","STL%",0.01375,0,1
2,"PER","BLK%",0.0151875,0,1
2,"TS%","BLK%",0.016625,0,1
2,"3PAr","BLK%",0.0465,0,1
2,"FTr","BLK%",0.0066875,0,1
2,"ORB%","BLK%",0.026125,0,1
2,"DRB%","BLK%",0.1068125,0,1
2,"TRB%","BLK%",0.0390625,0,1
2,"AST%","BLK%",0.0119375,0,1
2,"STL%","BLK%",0.0085625,0,1
2,"PER","TOV%",0.0415625,0,1
2,"TS%","TOV%",0.0575625,0,1
2,"3PAr","TOV%",0.0394375,0,1
2,"FTr","TOV%",0.031875,0,1
2,"ORB%","TOV%",0.008125,0,1
2,"DRB%","TOV%",0.0155,0,1
2,"TRB%","TOV%",0.011125,0,1
2,"AST%","TOV%",0.0199375,0,1
2,"STL%","TOV%",0.0344375,0,1
2,"BLK%","TOV%",0.3235,0,1
2,"PER","USG%",0.8230625,1,1
2,"TS%","USG%",0.0975,0,1
2,"3PAr","USG%",0.0505625,0,1
2,"FTr","USG%",0.0108125,0,1
2,"ORB%","USG%",0.03625,0,1
2,"DRB%","USG%",0.0300625,0,1
2,"TRB%","USG%",0.0274375,0,1
2,"AST%","USG%",0.0545,0,1
2,"STL%","USG%",0.32975,0,1
2,"BLK%","USG%",0.02475,0,1
2,"TOV%","USG%",0.0268125,0,1
2,"PER","OWS",0.0860625,0,1
2,"TS%","OWS",0.1033125,0,1
2,"3PAr","OWS",0.09075,0,1
2,"FTr","OWS",0.05675,0,1
2,"ORB%","OWS",0.0421875,0,1
2,"DRB%","OWS",0.0620625,0,1
2,"TRB%","OWS",0.0458125,0,1
2,"AST%","OWS",0.0781875,0,1
2,"STL%","OWS",0.0474375,0,1
2,"BLK%","OWS",0.0504375,0,1
2,"TOV%","OWS",0.066875,0,1
2,"USG%","OWS",0.097,0,1
2,"PER","DWS",0.09225,0,1
2,"TS%","DWS",0.100125,0,1
2,"3PAr","DWS",0.0713125,0,1
2,"FTr","DWS",0.0249375,0,1
2,"ORB%","DWS",0.0360625,0,1
2,"DRB%","DWS",0.0945,0,1
2,"TRB%","DWS",0.040125,0,1
2,"AST%","DWS",0.038125,0,1
2,"STL%","DWS",0.0424375,0,1
2,"BLK%","DWS",0.3983125,0,1
2,"TOV%","DWS",0.0949375,0,1
2,"USG%","DWS",0.0763125,0,1
2,"OWS","DWS",0.253,0,1
2,"PER","WS/48",0.964625,1,1
2,"TS%","WS/48",0.229125,0,1
2,"3PAr","WS/48",0.06575,0,1
2,"FTr","WS/48",0.0111875,0,1
2,"ORB%","WS/48",0.0993125,0,1
2,"DRB%","WS/48",0.08225,0,1
2,"TRB%","WS/48",0.061375,0,1
2,"AST%","WS/48",0.0423125,0,1
2,"STL%","WS/48",0.077,0,1
2,"BLK%","WS/48",0.0294375,0,1
2,"TOV%","WS/48",0.1031875,0,1
2,"USG%","WS/48",0.6075625,1,1
2,"OWS","WS/48",0.103375,0,1
2,"DWS","WS/48",0.1265625,0,1
2,"PER","OBPM",0.95325,1,1
2,"TS%","OBPM",0.4010625,0,1
2,"3PAr","OBPM",0.8800625,1,1
2,"FTr","OBPM",0.0086875,0,1
2,"ORB%","OBPM",0.027,0,1
2,"DRB%","OBPM",0.0491875,0,1
2,"TRB%","OBPM",0.0516875,0,1
2,"AST%","OBPM",0.0805,0,1
2,"STL%","OBPM",0.065125,0,1
2,"BLK%","OBPM",0.0144375,0,1
2,"TOV%","OBPM",0.035375,0,1
2,"USG%","OBPM",0.2151875,0,1
2,"OWS","OBPM",0.0916875,0,1
2,"DWS","OBPM",0.0825625,0,1
2,"WS/48","OBPM",0.13975,0,1
2,"PER","DBPM",0.031875,0,1
2,"TS%","DBPM",0.0330625,0,1
2,"3PAr","DBPM",0.1285,0,1
2,"FTr","DBPM",0.0299375,0,1
2,"ORB%","DBPM",0.862125,1,1
2,"DRB%","DBPM",0.6423125,1,1
2,"TRB%","DBPM",0.1996875,0,1
2,"AST%","DBPM",0.0194375,0,1
2,"STL%","DBPM",0.0790625,0,1
2,"BLK%","DBPM",0.016,0,1
2,"TOV%","DBPM",0.012,0,1
2,"USG%","DBPM",0.0528125,0,1
2,"OWS","DBPM",0.067625,0,1
2,"DWS","DBPM",0.0441875,0,1
2,"WS/48","DBPM",0.1144375,0,1
2,"OBPM","DBPM",0.0434375,0,1
2,"PER","VORP",0.112375,0,1
2,"TS%","VORP",0.120125,0,1
2,"3PAr","VORP",0.1934375,0,1
2,"FTr","VORP",0.0468125,0,1
2,"ORB%","VORP",0.055875,0,1
2,"DRB%","VORP",0.120875,0,1
2,"TRB%","VORP",0.09025,0,1
2,"AST%","VORP",0.1696875,0,1
2,"STL%","VORP",0.052125,0,1
2,"BLK%","VORP",0.0538125,0,1
2,"TOV%","VORP",0.067875,0,1
2,"USG%","VORP",0.1279375,0,1
2,"OWS","VORP",0.3181875,0,1
2,"DWS","VORP",0.1545625,0,1
2,"WS/48","VORP",0.1205625,0,1
2,"OBPM","VORP",0.1565,0,1
2,"DBPM","VORP",0.0620625,0,1
3,"PER","TS%",0.415,0,1
3,"PER","3PAr",1,1,1
3,"TS%","3PAr",0.494625,0,1
3,"PER","FTr",0.99075,1,1
3,"TS%","FTr",0.087,0,1
3,"3PAr","FTr",0.3071875,0,1
3,"PER","ORB%",0.17825,0,1
3,"TS%","ORB%",0.35175,0,1
3,"3PAr","ORB%",0.9965,1,1
3,"FTr","ORB%",0.04175,0,1
3,"PER","DRB%",0.1924375,0,1
3,"TS%","DRB%",0.142375,0,1
3,"3PAr","DRB%",0.361875,0,1
3,"FTr","DRB%",0.0294375,0,1
3,"ORB%","DRB%",1,1,1
3,"PER","TRB%",0.944125,1,1
3,"TS%","TRB%",0.178875,0,1
3,"3PAr","TRB%",0.3083125,0,1
3,"FTr","TRB%",0.0348125,0,1
3,"ORB%","TRB%",1,1,1
3,"DRB%","TRB%",1,1,1
3,"PER","AST%",0.999125,1,1
3,"TS%","AST%",1,1,1
3,"3PAr","AST%",0.627125,1,1
3,"FTr","AST%",0.0486875,0,1
3,"ORB%","AST%",0.7480625,1,1
3,"DRB%","AST%",0.1074375,0,1
3,"TRB%","AST%",0.8549375,1,1
3,"PER","STL%",1,1,1
3,"TS%","STL%",0.124875,0,1
3,"3PAr","STL%",0.0790625,0,1
3,"FTr","STL%",0.032625,0,1
3,"ORB%","STL%",0.060375,0,1
3,"DRB%","STL%",0.5484375,1,1
3,"TRB%","STL%",0.50475,1,1
3,"AST%","STL%",0.02925,0,1
3,"PER","BLK%",1,1,1
3,"TS%","BLK%",0.1080625,0,1
3,"3PAr","BLK%",0.2043125,0,1
3,"FTr","BLK%",0.0213125,0,1
3,"ORB%","BLK%",0.4135625,0,1
3,"DRB%","BLK%",0.10175,0,1
3,"TRB%","BLK%",0.2580625,0,1
3,"AST%","BLK%",0.9974375,1,1
3,"STL%","BLK%",0.999625,1,1
3,"PER","TOV%",0.3236875,0,1
3,"TS%","TOV%",1,1,1
3,"3PAr","TOV%",0.18575,0,1
3,"FTr","TOV%",0.35725,0,1
3,"ORB%","TOV%",0.4845,0,1
3,"DRB%","TOV%",0.15025,0,1
3,"TRB%","TOV%",0.3339375,0,1
3,"AST%","TOV%",1,1,1
3,"STL%","TOV%",0.034125,0,1
3,"BLK%","TOV%",0.9016875,1,1
3,"PER","USG%",1,1,1
3,"TS%","USG%",0.07025,0,1
3,"3PAr","USG%",0.077125,0,1
3,"FTr","USG%",0.026875,0,1
3,"ORB%","USG%",0.184375,0,1
3,"DRB%","USG%",0.15825,0,1
3,"TRB%","USG%",0.947125,1,1
3,"AST%","USG%",0.1004375,0,1
3,"STL%","USG%",0.0358125,0,1
3,"BLK%","USG%",0.0405,0,1
3,"TOV%","USG%",0.837625,1,1
3,"PER","OWS",1,1,1
3,"TS%","OWS",1,1,1
3,"3PAr","OWS",0.3565625,0,1
3,"FTr","OWS",0.0359375,0,1
3,"ORB%","OWS",0.1654375,0,1
3,"DRB%","OWS",0.2485625,0,1
3,"TRB%","OWS",0.9591875,1,1
3,"AST%","OWS",0.2215625,0,1
3,"STL%","OWS",0.0855,0,1
3,"BLK%","OWS",0.0281875,0,1
3,"TOV%","OWS",0.9965625,1,1
3,"USG%","OWS",1,1,1
3,"PER","DWS",0.9734375,1,1
3,"TS%","DWS",0.608625,1,1
3,"3PAr","DWS",0.15225,0,1
3,"FTr","DWS",0.0344375,0,1
3,"ORB%","DWS",0.13075,0,1
3,"DRB%","DWS",0.8510625,1,1
3,"TRB%","DWS",0.2336875,0,1
3,"AST%","DWS",0.06575,0,1
3,"STL%","DWS",0.1086875,0,1
3,"BLK%","DWS",0.0856875,0,1
3,"TOV%","DWS",0.13875,0,1
3,"USG%","DWS",1,1,1
3,"OWS","DWS",1,1,1
3,"PER","WS/48",0.6675,1,1
3,"TS%","WS/48",0.2270625,0,1
3,"3PAr","WS/48",0.239875,0,1
3,"FTr","WS/48",0.073625,0,1
3,"ORB%","WS/48",0.29975,0,1
3,"DRB%","WS/48",0.6408125,1,1
3,"TRB%","WS/48",0.7278125,1,1
3,"AST%","WS/48",0.4371875,0,1
3,"STL%","WS/48",0.9724375,1,1
3,"BLK%","WS/48",1,1,1
3,"TOV%","WS/48",0.0789375,0,1
3,"USG%","WS/48",0.218625,0,1
3,"OWS","WS/48",1,1,1
3,"DWS","WS/48",0.127875,0,1
3,"PER","OBPM",1,1,1
3,"TS%","OBPM",0.548875,1,1
3,"3PAr","OBPM",1,1,1
3,"FTr","OBPM",0.76675,1,1
3,"ORB%","OBPM",0.058125,0,1
3,"DRB%","OBPM",0.18325,0,1
3,"TRB%","OBPM",0.1155,0,1
3,"AST%","OBPM",0.1718125,0,1
3,"STL%","OBPM",0.06975,0,1
3,"BLK%","OBPM",0.0643125,0,1
3,"TOV%","OBPM",0.6698125,1,1
3,"USG%","OBPM",0.2703125,0,1
3,"OWS","OBPM",0.1033125,0,1
3,"DWS","OBPM",0.9958125,1,1
3,"WS/48","OBPM",0.5521875,1,1
3,"PER","DBPM",0.1149375,0,1
3,"TS%","DBPM",0.0753125,0,1
3,"3PAr","DBPM",0.0734375,0,1
3,"FTr","DBPM",0.020125,0,1
3,"ORB%","DBPM",0.4430625,0,1
3,"DRB%","DBPM",0.06425,0,1
3,"TRB%","DBPM",0.061125,0,1
3,"AST%","DBPM",0.0493125,0,1
3,"STL%","DBPM",1,1,1
3,"BLK%","DBPM",1,1,1
3,"TOV%","DBPM",0.2275,0,1
3,"USG%","DBPM",1,1,1
3,"OWS","DBPM",1,1,1
3,"DWS","DBPM",0.375875,0,1
3,"WS/48","DBPM",1,1,1
3,"OBPM","DBPM",1,1,1
3,"PER","VORP",0.4909375,0,1
3,"TS%","VORP",0.1886875,0,1
3,"3PAr","VORP",0.296125,0,1
3,"FTr","VORP",0.02075,0,1
3,"ORB%","VORP",0.254375,0,1
3,"DRB%","VORP",0.0194375,0,1
3,"TRB%","VORP",0.0490625,0,1
3,"AST%","VORP",0.94875,1,1
3,"STL%","VORP",0.02475,0,1
3,"BLK%","VORP",0.0575625,0,1
3,"TOV%","VORP",0.016375,0,1
3,"USG%","VORP",0.118375,0,1
3,"OWS","VORP",0.662,1,1
3,"DWS","VORP",0.998375,1,1
3,"WS/48","VORP",0.2513125,0,1
3,"OBPM","VORP",1,1,1
3,"DBPM","VORP",1,1,1
4,"PER","TS%",0.2510625,0,1
4,"PER","3PAr",0.276375,0,1
4,"TS%","3PAr",0.187125,0,1
4,"PER","FTr",0.10675,0,1
4,"TS%","FTr",0.2436875,0,1
4,"3PAr","FTr",0.1379375,0,1
4,"PER","ORB%",0.1390625,0,1
4,"TS%","ORB%",0.1406875,0,1
4,"3PAr","ORB%",0.987625,1,1
4,"FTr","ORB%",0.170375,0,1
4,"PER","DRB%",0.113875,0,1
4,"TS%","DRB%",0.1350625,0,1
4,"3PAr","DRB%",0.18425,0,1
4,"FTr","DRB%",0.085875,0,1
4,"ORB%","DRB%",0.132875,0,1
4,"PER","TRB%",0.21875,0,1
4,"TS%","TRB%",0.120875,0,1
4,"3PAr","TRB%",0.2096875,0,1
4,"FTr","TRB%",0.079,0,1
4,"ORB%","TRB%",0.6644375,1,1
4,"DRB%","TRB%",0.9979375,1,1
4,"PER","AST%",0.1230625,0,1
4,"TS%","AST%",0.1290625,0,1
4,"3PAr","AST%",0.352375,0,1
4,"FTr","AST%",0.1714375,0,1
4,"ORB%","AST%",0.22175,0,1
4,"DRB%","AST%",0.401125,0,1
4,"TRB%","AST%",0.134375,0,1
4,"PER","STL%",0.162625,0,1
4,"TS%","STL%",0.131625,0,1
4,"3PAr","STL%",0.1433125,0,1
4,"FTr","STL%",0.069875,0,1
4,"ORB%","STL%",0.2903125,0,1
4,"DRB%","STL%",0.279875,0,1
4,"TRB%","STL%",0.3121875,0,1
4,"AST%","STL%",0.12225,0,1
4,"PER","BLK%",0.426375,0,1
4,"TS%","BLK%",0.152625,0,1
4,"3PAr","BLK%",0.22925,0,1
4,"FTr","BLK%",0.157375,0,1
4,"ORB%","BLK%",0.1765625,0,1
4,"DRB%","BLK%",0.12275,0,1
4,"TRB%","BLK%",0.1151875,0,1
4,"AST%","BLK%",0.736125,1,1
4,"STL%","BLK%",0.12875,0,1
4,"PER","TOV%",0.1534375,0,1
4,"TS%","TOV%",0.831875,1,1
4,"3PAr","TOV%",0.1018125,0,1
4,"FTr","TOV%",0.6330625,1,1
4,"ORB%","TOV%",0.1299375,0,1
4,"DRB%","TOV%",0.150125,0,1
4,"TRB%","TOV%",0.09475,0,1
4,"AST%","TOV%",0.2874375,0,1
4,"STL%","TOV%",0.05775,0,1
4,"BLK%","TOV%",0.1355625,0,1
4,"PER","USG%",0.5165,1,1
4,"TS%","USG%",0.100125,0,1
4,"3PAr","USG%",0.0800625,0,1
4,"FTr","USG%",0.063375,0,1
4,"ORB%","USG%",0.1,0,1
4,"DRB%","USG%",0.1325625,0,1
4,"TRB%","USG%",0.1144375,0,1
4,"AST%","USG%",0.5718125,1,1
4,"STL%","USG%",0.0654375,0,1
4,"BLK%","USG%",0.1641875,0,1
4,"TOV%","USG%",0.0646875,0,1
4,"PER","OWS",0.1339375,0,1
4,"TS%","OWS",0.10125,0,1
4,"3PAr","OWS",0.2624375,0,1
4,"FTr","OWS",0.062875,0,1
4,"ORB%","OWS",0.6664375,1,1
4,"DRB%","OWS",0.1074375,0,1
4,"TRB%","OWS",0.165375,0,1
4,"AST%","OWS",0.1034375,0,1
4,"STL%","OWS",0.2519375,0,1
4,"BLK%","OWS",0.1261875,0,1
4,"TOV%","OWS",0.077,0,1
4,"USG%","OWS",0.079375,0,1
4,"PER","DWS",0.583125,1,1
4,"TS%","DWS",0.1149375,0,1
4,"3PAr","DWS",0.24525,0,1
4,"FTr","DWS",0.0785625,0,1
4,"ORB%","DWS",0.14225,0,1
4,"DRB%","DWS",0.1240625,0,1
4,"TRB%","DWS",0.125625,0,1
4,"AST%","DWS",0.1430625,0,1
4,"STL%","DWS",0.127625,0,1
4,"BLK%","DWS",0.238125,0,1
4,"TOV%","DWS",0.10875,0,1
4,"USG%","DWS",0.0979375,0,1
4,"OWS","DWS",1,1,1
4,"PER","WS/48",0.7570625,1,1
4,"TS%","WS/48",0.70525,1,1
4,"3PAr","WS/48",0.16,0,1
4,"FTr","WS/48",0.1675625,0,1
4,"ORB%","WS/48",0.12,0,1
4,"DRB%","WS/48",0.1068125,0,1
4,"TRB%","WS/48",0.15925,0,1
4,"AST%","WS/48",0.193,0,1
4,"STL%","WS/48",0.14825,0,1
4,"BLK%","WS/48",0.7496875,1,1
4,"TOV%","WS/48",0.1938125,0,1
4,"USG%","WS/48",0.1896875,0,1
4,"OWS","WS/48",0.124875,0,1
4,"DWS","WS/48",0.2523125,0,1
4,"PER","OBPM",0.9734375,1,1
4,"TS%","OBPM",0.2019375,0,1
4,"3PAr","OBPM",0.129875,0,1
4,"FTr","OBPM",0.1133125,0,1
4,"ORB%","OBPM",0.1108125,0,1
4,"DRB%","OBPM",0.1155,0,1
4,"TRB%","OBPM",0.1125625,0,1
4,"AST%","OBPM",0.1308125,0,1
4,"STL%","OBPM",0.20475,0,1
4,"BLK%","OBPM",0.205625,0,1
4,"TOV%","OBPM",0.6600625,1,1
4,"USG%","OBPM",0.7046875,1,1
4,"OWS","OBPM",0.174,0,1
4,"DWS","OBPM",0.459875,0,1
4,"WS/48","OBPM",0.2615625,0,1
4,"PER","DBPM",0.1769375,0,1
4,"TS%","DBPM",0.13,0,1
4,"3PAr","DBPM",0.37225,0,1
4,"FTr","DBPM",0.07475,0,1
4,"ORB%","DBPM",0.3861875,0,1
4,"DRB%","DBPM",0.08625,0,1
4,"TRB%","DBPM",0.104875,0,1
4,"AST%","DBPM",0.7399375,1,1
4,"STL%","DBPM",0.9359375,1,1
4,"BLK%","DBPM",0.65575,1,1
4,"TOV%","DBPM",0.0825625,0,1
4,"USG%","DBPM",0.227625,0,1
4,"OWS","DBPM",0.3393125,0,1
4,"DWS","DBPM",0.2391875,0,1
4,"WS/48","DBPM",0.6854375,1,1
4,"OBPM","DBPM",0.58425,1,1
4,"PER","VORP",0.8895,1,1
4,"TS%","VORP",0.086,0,1
4,"3PAr","VORP",0.12275,0,1
4,"FTr","VORP",0.04975,0,1
4,"ORB%","VORP",0.1150625,0,1
4,"DRB%","VORP",0.0711875,0,1
4,"TRB%","VORP",0.0799375,0,1
4,"AST%","VORP",0.175375,0,1
4,"STL%","VORP",0.24125,0,1
4,"BLK%","VORP",0.117875,0,1
4,"TOV%","VORP",0.058625,0,1
4,"USG%","VORP",0.056375,0,1
4,"OWS","VORP",0.4108125,0,1
4,"DWS","VORP",0.938875,1,1
4,"WS/48","VORP",0.2399375,0,1
4,"OBPM","VORP",0.4228125,0,1
4,"DBPM","VORP",0.8315,1,1
