"id","cluster"
1,3
2,3
3,4
4,4
5,3
6,1
7,3
8,4
9,1
10,3
11,3
12,3
13,3
14,3
15,4
16,3
17,3
18,3
19,3
20,3
21,1
22,1
23,1
24,3
25,3
26,3
27,1
28,1
29,3
30,3
31,3
32,3
33,3
34,3
35,3
36,3
37,3
38,3
39,3
40,3
41,4
42,1
43,3
44,3
45,1
46,4
47,1
48,3
49,3
50,2
51,3
52,3
53,1
54,3
55,3
56,2
57,2
58,3
59,4
60,1
61,3
62,2
63,3
64,3
65,3
66,3
67,1
68,2
69,1
70,3
71,1
72,1
73,3
74,1
75,1
76,3
77,3
78,3
79,3
80,3
81,1
82,3
83,3
84,3
85,4
86,3
87,3
88,3
89,3
90,4
91,3
92,1
93,3
94,4
95,3
96,3
97,3
98,3
99,1
100,1
101,4
102,3
103,3
104,3
105,2
106,1
107,3
108,1
109,1
110,2
111,2
112,3
113,3
114,3
115,3
116,3
117,2
118,3
119,3
120,3
121,3
122,3
123,4
124,4
125,3
126,3
127,3
128,3
129,1
130,3
131,4
132,3
133,3
134,3
135,3
136,1
137,1
138,3
139,1
140,3
141,3
142,3
143,3
144,1
145,3
146,3
147,3
148,3
149,3
150,3
151,2
152,3
153,1
154,4
155,4
156,1
157,4
158,3
159,3
160,3
161,3
162,3
163,3
164,3
165,3
166,4
167,1
168,3
169,1
170,3
171,3
172,3
173,3
174,3
175,1
176,2
177,3
178,3
179,4
180,3
181,3
182,4
183,3
184,3
185,3
186,1
187,3
188,3
189,3
190,3
191,3
192,3
193,2
194,3
195,3
196,3
197,3
198,3
199,3
200,3
201,3
202,3
203,3
204,3
205,3
206,1
207,1
208,1
209,1
210,1
211,4
212,3
213,4
214,3
215,1
216,3
217,4
218,3
219,3
220,1
221,3
222,3
223,1
224,3
225,4
226,3
227,1
228,3
229,1
230,4
231,3
232,1
233,2
234,3
235,3
236,3
237,3
238,1
239,3
240,3
241,3
242,3
243,3
244,1
245,1
246,3
247,3
248,3
249,3
250,3
251,4
252,1
253,3
254,3
255,4
256,2
257,4
258,3
259,3
260,1
261,3
262,3
263,3
264,3
265,1
266,1
267,3
268,3
269,4
270,3
271,3
272,3
273,3
274,3
275,3
276,1
277,1
278,3
279,4
280,3
281,1
282,3
283,3
284,3
285,3
286,3
287,1
288,3
289,3
290,1
291,1
292,4
293,4
294,1
295,1
296,3
297,3
298,3
299,1
300,3
301,4
302,3
303,3
304,3
305,3
306,3
307,3
308,3
309,1
310,3
311,3
312,4
313,3
314,3
315,3
316,2
317,3
318,3
319,1
320,1
321,3
322,3
323,1
324,1
325,3
326,4
327,1
328,1
329,3
330,1
331,3
332,4
333,3
334,3
335,3
336,3
337,1
338,3
339,3
340,3
341,3
342,2
343,3
344,4
345,1
346,3
347,3
348,1
349,3
350,3
351,1
352,3
353,1
354,3
355,3
356,1
357,3
358,3
359,3
360,3
361,3
362,3
363,3
364,3
365,1
366,2
367,3
368,4
369,3
370,3
371,3
372,3
373,3
374,3
375,4
376,3
377,4
378,3
379,3
380,3
381,1
382,3
383,3
384,4
385,1
386,3
387,3
388,3
389,3
390,3
391,2
392,3
393,3
394,2
395,3
396,3
397,1
398,1
399,1
400,1
401,2
402,3
403,3
404,4
405,1
406,3
407,3
408,3
409,3
410,3
411,1
412,3
413,1
414,1
415,1
416,1
417,4
418,4
419,3
420,1
421,3
422,3
423,4
424,3
425,1
426,3
427,3
428,2
429,3
430,3
431,3
432,3
433,3
434,3
435,3
436,4
437,3
438,3
439,3
440,3
441,3
442,3
443,3
444,3
445,3
446,3
447,1
448,3
449,3
450,1
451,1
452,3
453,3
454,3
455,3
456,3
457,2
458,3
459,3
460,3
461,3
462,2
463,1
464,2
465,1
466,3
467,3
468,3
469,1
470,1
471,3
472,3
473,3
474,4
475,3
476,3
477,3
478,4
479,3
480,3
481,3
482,3
483,3
484,3
485,4
486,3
487,3
488,3
489,3
490,1
491,3
492,3
493,3
494,3
495,3
496,3
497,3
498,1
499,2
500,3
501,1
502,1
503,3
504,4
505,3
506,3
507,1
508,1
509,1
510,4
511,3
512,1
513,1
514,1
515,3
516,1
517,3
518,3
519,1
520,3
521,1
522,1
523,3
524,1
525,1
526,4
527,3
528,1
529,1
530,3
531,3
532,3
533,4
534,4
535,3
536,4
537,4
