"window1","window2","group","comparable_edges","probability_mean_absolute","selected_disagreement_count","selected_Jaccard"
"block1","block2",1,153,0.040687908496732,2,0.931034482758621
"block1","block2",2,153,0.047890522875817,4,0.692307692307692
"block1","block2",3,153,0.0819428104575163,14,0.784615384615385
"block1","block2",4,153,0.0306617647058824,1,0.96
"block2","block3",1,153,0.0496535947712418,7,0.78125
"block2","block3",2,153,0.0497401960784314,6,0.571428571428571
"block2","block3",3,153,0.100601307189542,18,0.739130434782609
"block2","block3",4,153,0.0370882352941176,3,0.88
"block3","block4",1,153,0.0426633986928105,4,0.866666666666667
"block3","block4",2,153,0.0350751633986928,4,0.692307692307692
"block3","block4",3,153,0.119165032679739,18,0.746478873239437
"block3","block4",4,153,0.0633807189542484,10,0.655172413793103
"tail1","tail2",1,153,0.0414705882352941,2,0.931034482758621
"tail1","tail2",2,153,0.0232418300653595,1,0.916666666666667
"tail1","tail2",3,153,0.123049019607843,18,0.75
"tail1","tail2",4,153,0.0639346405228758,5,0.827586206896552
