"window","cluster","matched","total","match_rate","mean_jaccard"
"all",1,16000,16000,1,0.862065459384189
"all",2,16000,16000,1,0.786212904939625
"all",3,16000,16000,1,0.937767148187834
"all",4,16000,16000,1,0.819476263618817
"block1",1,4000,4000,1,0.847519068378437
"block1",2,4000,4000,1,0.658745568220528
"block1",3,4000,4000,1,0.938443793974941
"block1",4,4000,4000,1,0.83564063383296
"block2",1,4000,4000,1,0.856883764262198
"block2",2,4000,4000,1,0.762453965333552
"block2",3,4000,4000,1,0.936918965308247
"block2",4,4000,4000,1,0.820087980597692
"block3",1,4000,4000,1,0.87264624400984
"block3",2,4000,4000,1,0.871495826710476
"block3",3,4000,4000,1,0.943201732112641
"block3",4,4000,4000,1,0.842990169438758
"block4",1,4000,4000,1,0.871212760886296
"block4",2,4000,4000,1,0.852156259493962
"block4",3,4000,4000,1,0.932504101355502
"block4",4,4000,4000,1,0.779186270605896
"tail1",1,2000,2000,1,0.882573328410452
"tail1",2,2000,2000,1,0.885560580701138
"tail1",3,2000,2000,1,0.931679532737297
"tail1",4,2000,2000,1,0.782037122414829
"tail2",1,2000,2000,1,0.859852193362131
"tail2",2,2000,2000,1,0.818751938286802
"tail2",3,2000,2000,1,0.933328669973702
"tail2",4,2000,2000,1,0.776335418796939
