"V1","V2","V3","V4","V5","V6","V7","V8","V9","V10","V11","V12","V13","V14","V15","V16","V17","V18"
0,0.209125,0.32575,0.01025,0.03525,0.038375,0.035625,0.0421875,0.0585625,0.0151875,0.0415625,0.8230625,0.0860625,0.09225,0.964625,0.95325,0.031875,0.112375
0.209125,0,0.1201875,0.01025,0.0218125,0.063875,0.059625,0.032125,0.657375,0.016625,0.0575625,0.0975,0.1033125,0.100125,0.229125,0.4010625,0.0330625,0.120125
0.32575,0.1201875,0,0.01225,0.06875,0.2639375,0.68125,0.2191875,0.067625,0.0465,0.0394375,0.0505625,0.09075,0.0713125,0.06575,0.8800625,0.1285,0.1934375
0.01025,0.01025,0.01225,0,0.017625,0.013375,0.01425,0.012375,0.0065625,0.0066875,0.031875,0.0108125,0.05675,0.0249375,0.0111875,0.0086875,0.0299375,0.0468125
0.03525,0.0218125,0.06875,0.017625,0,0.2604375,0.9884375,0.0498125,0.0235,0.026125,0.008125,0.03625,0.0421875,0.0360625,0.0993125,0.027,0.862125,0.055875
0.038375,0.063875,0.2639375,0.013375,0.2604375,0,0.990125,0.0505625,0.025625,0.1068125,0.0155,0.0300625,0.0620625,0.0945,0.08225,0.0491875,0.6423125,0.120875
0.035625,0.059625,0.68125,0.01425,0.9884375,0.990125,0,0.060625,0.0154375,0.0390625,0.011125,0.0274375,0.0458125,0.040125,0.061375,0.0516875,0.1996875,0.09025
0.0421875,0.032125,0.2191875,0.012375,0.0498125,0.0505625,0.060625,0,0.01375,0.0119375,0.0199375,0.0545,0.0781875,0.038125,0.0423125,0.0805,0.0194375,0.1696875
0.0585625,0.657375,0.067625,0.0065625,0.0235,0.025625,0.0154375,0.01375,0,0.0085625,0.0344375,0.32975,0.0474375,0.0424375,0.077,0.065125,0.0790625,0.052125
0.0151875,0.016625,0.0465,0.0066875,0.026125,0.1068125,0.0390625,0.0119375,0.0085625,0,0.3235,0.02475,0.0504375,0.3983125,0.0294375,0.0144375,0.016,0.0538125
0.0415625,0.0575625,0.0394375,0.031875,0.008125,0.0155,0.011125,0.0199375,0.0344375,0.3235,0,0.0268125,0.066875,0.0949375,0.1031875,0.035375,0.012,0.067875
0.8230625,0.0975,0.0505625,0.0108125,0.03625,0.0300625,0.0274375,0.0545,0.32975,0.02475,0.0268125,0,0.097,0.0763125,0.6075625,0.2151875,0.0528125,0.1279375
0.0860625,0.1033125,0.09075,0.05675,0.0421875,0.0620625,0.0458125,0.0781875,0.0474375,0.0504375,0.066875,0.097,0,0.253,0.103375,0.0916875,0.067625,0.3181875
0.09225,0.100125,0.0713125,0.0249375,0.0360625,0.0945,0.040125,0.038125,0.0424375,0.3983125,0.0949375,0.0763125,0.253,0,0.1265625,0.0825625,0.0441875,0.1545625
0.964625,0.229125,0.06575,0.0111875,0.0993125,0.08225,0.061375,0.0423125,0.077,0.0294375,0.1031875,0.6075625,0.103375,0.1265625,0,0.13975,0.1144375,0.1205625
0.95325,0.4010625,0.8800625,0.0086875,0.027,0.0491875,0.0516875,0.0805,0.065125,0.0144375,0.035375,0.2151875,0.0916875,0.0825625,0.13975,0,0.0434375,0.1565
0.031875,0.0330625,0.1285,0.0299375,0.862125,0.6423125,0.1996875,0.0194375,0.0790625,0.016,0.012,0.0528125,0.067625,0.0441875,0.1144375,0.0434375,0,0.0620625
0.112375,0.120125,0.1934375,0.0468125,0.055875,0.120875,0.09025,0.1696875,0.052125,0.0538125,0.067875,0.1279375,0.3181875,0.1545625,0.1205625,0.1565,0.0620625,0
