"window","group","metric1","metric2","edge_probability","display_edge"
"block1",1,"AST%","TOV%",0.83375,1
"block1",1,"3PAr","ORB%",0.45375,0
"block1",1,"3PAr","DRB%",0.0215,0
"block1",1,"USG%","TS%",0.04125,0
"block1",2,"AST%","TOV%",0.024,0
"block1",2,"3PAr","ORB%",0.13075,0
"block1",2,"3PAr","DRB%",0.2985,0
"block1",2,"USG%","TS%",0.143,0
"block1",3,"AST%","TOV%",1,1
"block1",3,"3PAr","ORB%",1,1
"block1",3,"3PAr","DRB%",0.1565,0
"block1",3,"USG%","TS%",0.064,0
"block1",4,"AST%","TOV%",0.3615,0
"block1",4,"3PAr","ORB%",0.977,1
"block1",4,"3PAr","DRB%",0.24175,0
"block1",4,"USG%","TS%",0.097,0
"block2",1,"AST%","TOV%",0.95725,1
"block2",1,"3PAr","ORB%",0.0665,0
"block2",1,"3PAr","DRB%",0.02475,0
"block2",1,"USG%","TS%",0.04675,0
"block2",2,"AST%","TOV%",0.0225,0
"block2",2,"3PAr","ORB%",0.033,0
"block2",2,"3PAr","DRB%",0.24225,0
"block2",2,"USG%","TS%",0.05325,0
"block2",3,"AST%","TOV%",1,1
"block2",3,"3PAr","ORB%",0.986,1
"block2",3,"3PAr","DRB%",0.55975,1
"block2",3,"USG%","TS%",0.07725,0
"block2",4,"AST%","TOV%",0.39275,0
"block2",4,"3PAr","ORB%",0.9945,1
"block2",4,"3PAr","DRB%",0.151,0
"block2",4,"USG%","TS%",0.09275,0
"block3",1,"AST%","TOV%",0.98475,1
"block3",1,"3PAr","ORB%",0.033,0
"block3",1,"3PAr","DRB%",0.0245,0
"block3",1,"USG%","TS%",0.0555,0
"block3",2,"AST%","TOV%",0.01425,0
"block3",2,"3PAr","ORB%",0.071,0
"block3",2,"3PAr","DRB%",0.22725,0
"block3",2,"USG%","TS%",0.1035,0
"block3",3,"AST%","TOV%",1,1
"block3",3,"3PAr","ORB%",1,1
"block3",3,"3PAr","DRB%",0.306,0
"block3",3,"USG%","TS%",0.05375,0
"block3",4,"AST%","TOV%",0.221,0
"block3",4,"3PAr","ORB%",0.99375,1
"block3",4,"3PAr","DRB%",0.15725,0
"block3",4,"USG%","TS%",0.10225,0
"block4",1,"AST%","TOV%",0.942,1
"block4",1,"3PAr","ORB%",0.04025,0
"block4",1,"3PAr","DRB%",0.02125,0
"block4",1,"USG%","TS%",0.0635,0
"block4",2,"AST%","TOV%",0.019,0
"block4",2,"3PAr","ORB%",0.04025,0
"block4",2,"3PAr","DRB%",0.28775,0
"block4",2,"USG%","TS%",0.09025,0
"block4",3,"AST%","TOV%",1,1
"block4",3,"3PAr","ORB%",1,1
"block4",3,"3PAr","DRB%",0.42525,0
"block4",3,"USG%","TS%",0.086,0
"block4",4,"AST%","TOV%",0.1745,0
"block4",4,"3PAr","ORB%",0.98525,1
"block4",4,"3PAr","DRB%",0.187,0
"block4",4,"USG%","TS%",0.1085,0
"tail1",1,"AST%","TOV%",0.9325,1
"tail1",1,"3PAr","ORB%",0.023,0
"tail1",1,"3PAr","DRB%",0.017,0
"tail1",1,"USG%","TS%",0.068,0
"tail1",2,"AST%","TOV%",0.0165,0
"tail1",2,"3PAr","ORB%",0.0255,0
"tail1",2,"3PAr","DRB%",0.191,0
"tail1",2,"USG%","TS%",0.089,0
"tail1",3,"AST%","TOV%",1,1
"tail1",3,"3PAr","ORB%",1,1
"tail1",3,"3PAr","DRB%",0.4105,0
"tail1",3,"USG%","TS%",0.0325,0
"tail1",4,"AST%","TOV%",0.1775,0
"tail1",4,"3PAr","ORB%",0.982,1
"tail1",4,"3PAr","DRB%",0.2195,0
"tail1",4,"USG%","TS%",0.1035,0
"tail2",1,"AST%","TOV%",0.9515,1
"tail2",1,"3PAr","ORB%",0.0575,0
"tail2",1,"3PAr","DRB%",0.0255,0
"tail2",1,"USG%","TS%",0.059,0
"tail2",2,"AST%","TOV%",0.0215,0
"tail2",2,"3PAr","ORB%",0.055,0
"tail2",2,"3PAr","DRB%",0.3845,0
"tail2",2,"USG%","TS%",0.0915,0
"tail2",3,"AST%","TOV%",1,1
"tail2",3,"3PAr","ORB%",1,1
"tail2",3,"3PAr","DRB%",0.44,0
"tail2",3,"USG%","TS%",0.1395,0
"tail2",4,"AST%","TOV%",0.1715,0
"tail2",4,"3PAr","ORB%",0.9885,1
"tail2",4,"3PAr","DRB%",0.1545,0
"tail2",4,"USG%","TS%",0.1135,0
