"V1","V2","V3","V4"
0,0,1,0
0,0,1,0
0,0,0,1
0,0,0.035,0.965
0,0,1,0
1,0,0,0
0,0,0.820875,0.179125
0,0,0.0035,0.9965
1,0,0,0
0.154125,0,0.845875,0
0,0,1,0
0.0015,0,0.997875,0.000625
0,0,0.9985,0.0015
0,0,1,0
6.25e-05,0.5239375,0,0.476
0,0,1,0
0,0,0.9998125,0.0001875
0,0,1,0
0.0533125,0,0.9466875,0
0,0,1,0
1,0,0,0
1,0,0,0
0.9993125,0.0006875,0,0
0,0,1,0
0.008125,0,0.991875,0
0.3788125,0,0.6211875,0
0.8229375,0.0400625,0.137,0
0.527,0.471125,0,0.001875
0,0,1,0
0,0,1,0
0,0,1,0
0,0,1,0
0,0,1,0
0.001,0,0.999,0
0,0,0.8181875,0.016
0,0,1,0
0,0,1,0
0.00025,0,0.99975,0
0,0,1,0
0,0,1,0
0,0,0.0019375,0.9980625
1,0,0,0
0.0010625,0,0.9989375,0
0,0,1,0
0.9038125,0,0.0961875,0
0,0,0.0003125,0.9996875
0.895875,0.002375,6.25e-05,0.095625
0.001,0,0.6655625,0.151875
0,0,1,0
0,0.469625,0,0.1968125
0,0,1,0
0,0,1,0
1,0,0,0
0,0,1,0
0,0,1,0
0.2345,0.63525,0,0
0,1,0,0
0,0,1,0
0,0,0.0305625,0.9694375
1,0,0,0
0,0,1,0
0.4976875,0.5023125,0,0
0,0,1,0
0,0,1,0
0.2538125,0,0.7461875,0
0,0,1,0
0.963625,0,0,0.036375
0,1,0,0
1,0,0,0
0,0,1,0
0.93875,0.06125,0,0
1,0,0,0
5e-04,0,0.9995,0
1,0,0,0
0.999875,0.000125,0,0
0,0,1,0
0,0,1,0
0,0,1,0
0,0,1,0
0.0043125,0,0.9956875,0
1,0,0,0
0,0,1,0
0,0,1,0
0.437,0,0.563,0
0,0,0.017375,0.982625
0,0,1,0
0.0620625,0,0.9379375,0
0.0085,0,0.9915,0
0.003125,0,0.996875,0
0,0,0.0180625,0.9819375
0,0,0.9914375,0.0085625
0.968,6.25e-05,0.03125,0.0006875
0,0,1,0
0,0,6.25e-05,0.9988125
0,0,0.9999375,6.25e-05
0,0,1,0
0,0,1,0
0,0,1,0
0.9981875,0,0.0018125,0
1,0,0,0
0,0,0.0041875,0.9958125
0,0,1,0
0.010125,0,0.9898125,6.25e-05
0,0,1,0
0.32,0.6796875,0,0.0003125
0.655125,0.0004375,0.3444375,0
0,0,1,0
0.885375,0.0003125,0.112625,0
1,0,0,0
0.0124375,0.9875625,0,0
0.006875,0.993125,0,0
0,0,1,0
0,0,0.9996875,0.0003125
0,0,1,0
0.0043125,0,0.9775,0.0181875
0,0,1,0
0.0080625,0.9919375,0,0
0,0,1,0
0,0,1,0
0,0,1,0
0,0,1,0
0,0,0.9693125,0.0306875
0,0,0.0003125,0.9996875
0,0,0.005,0.995
0,0,0.9490625,0.0509375
0,0,0.998125,0.001875
0,0,1,0
0,0,1,0
0.4685625,0.5314375,0,0
0,0,1,0
0,0,0,1
0,0,0.582625,0.417375
0,0,1,0
0.0024375,0,0.9975625,0
0.0298125,0,0.9700625,0.000125
1,0,0,0
1,0,0,0
0,0,1,0
1,0,0,0
0,0,0.8265,0.1735
0.006875,0,0.9908125,0.0023125
0.0094375,0,0.9905625,0
0,0,1,0
1,0,0,0
0,0,1,0
0,0,1,0
0,0,0.8149375,0.1850625
0,0,0.9975,0.0025
0.0428125,0,0.9571875,0
0,0,1,0
0.166,0.834,0,0
0,0,1,0
0.870875,0.000125,0.1261875,0.0028125
0.00025,0.003,0.000125,0.996625
0,0,0.05625,0.94375
1,0,0,0
0,0,0.0624375,0.9256875
0,0,1,0
0.0054375,0,0.9945625,0
0,0,1,0
0,0,1,0
0.0003125,0,0.9996875,0
0,0,1,0
0,0,1,0
0.010625,0,0.989375,0
0,0,0.1415625,0.8584375
0.9854375,0,0.0141875,0.000375
0.234625,0,0.765375,0
0.515125,0,0.4841875,5e-04
0,0,1,0
0,0,1,0
0,0,0.8219375,0.1780625
0,0,0.9996875,0.0003125
0,0,1,0
0.999875,0.000125,0,0
0,1,0,0
0,0,0.386125,0.613875
0.0001875,0,0.9998125,0
0,0,0.0718125,0.9281875
0,0,1,0
0,0,1,0
0,0,0.1108125,0.8891875
6.25e-05,0,0.9999375,0
0,0,0.997375,0.002625
0,0,1,0
1,0,0,0
0,0,1,0
0,0,0.9999375,6.25e-05
0,0,1,0
0,0,0.866375,0.1325625
0,0,1,0
0,0,1,0
0.0020625,0.9979375,0,0
0,0,1,0
0,0,1,0
0,0,0.9965,0.0035
0,0,0.708,0.292
0,0,1,0
0,0,1,0
0,0,1,0
0,0,1,0
0,0,1,0
0.00025,0,0.99975,0
0.50275,0.0003125,0.45825,0.0378125
0,0,0.999875,0.000125
1,0,0,0
1,0,0,0
1,0,0,0
0.7624375,0.2375625,0,0
0.8425625,0,0.1574375,0
0,0,0.031375,0.968625
0.096,6.25e-05,0.9033125,0.000625
0,0,0.0001875,0.9998125
0,0,0.999875,6.25e-05
1,0,0,0
0,0,1,0
0,0,0.0023125,0.9976875
0,0,1,0
0.66875,0,0.33125,0
1,0,0,0
0,0,1,0
0,0,1,0
1,0,0,0
0,0,0.99475,0.00525
0,0,0.0003125,0.9996875
0,0,1,0
0.974875,0.025125,0,0
0,0,1,0
0.8251875,0,0.1664375,0.008375
0,0,0.4139375,0.5860625
0,0,1,0
1,0,0,0
0.022625,0.973875,0,0.0035
0,0,1,0
0,0,0.9999375,6.25e-05
0,0,0.99775,0.00225
0,0,1,0
0.9419375,0.058,0,6.25e-05
0,0,1,0
0,0,1,0
0.0958125,0,0.9041875,0
0.0024375,0,0.9975625,0
0,0,1,0
1,0,0,0
1,0,0,0
0,0,1,0
0.006,0,0.994,0
0,0,1,0
0,0,1,0
0.000375,0,0.999625,0
0,0,0.0006875,0.9993125
0.568375,0,0.431125,5e-04
0.2204375,0,0.7795625,0
0,0,1,0
0,0,0.2355625,0.7644375
0.0104375,0.9805,0.0090625,0
0.00825,0,0,0.99175
0,0,0.999875,0.000125
0,0,1,0
0.9899375,0.0003125,0.00975,0
0,0,1,0
0,0,1,0
0,0,1,0
0,0,0.85075,0.14925
0.9843125,0.0156875,0,0
0.94575,0.05175,0.00175,0.00075
0.0135625,0,0.9864375,0
0,0,1,0
0,0,0.007875,0.992125
0,0,1,0
0,0,1,0
0,0,1,0
0,0,0.9996875,0.00025
0,0,1,0
0,0,0.9765,0.0235
1,0,0,0
0.9858125,0,0.0141875,0
0,0,1,0
0,0,0.0654375,0.9345625
0,0,1,0
1,0,0,0
0,0,0.9979375,0.000125
0,0,1,0
0.0020625,0,0.9979375,0
0.000875,0,0.4614375,0.5376875
0,0,1,0
0.85075,0,0.14925,0
0.014375,0,0.9855625,6.25e-05
0,0,1,0
0.8849375,5e-04,0.1145,0
1,0,0,0
0,0,0.0131875,0.9868125
0.0681875,0,0,0.9318125
0.9731875,0.02675,0,6.25e-05
0.4790625,0.0044375,0.4545625,0.0526875
0,0,1,0
0.0101875,0,0.9898125,0
0,0,1,0
0.83075,0.16925,0,0
0.0003125,0,0.9995625,6.25e-05
0,0,0.0010625,0.9989375
0,0,1,0
0,0,0.9888125,0.009375
0,0,0.9968125,0.0031875
0,0,1,0
0.0001875,0,0.9998125,0
0,0,0.9995625,0.0004375
0,0,1,0
0.9700625,0.021,0.0089375,0
0.05075,0.0054375,0.3648125,0.2555625
0.000125,0,0.99825,0.001625
0,0,0,1
0,0,1,0
0.000875,0,0.998875,6.25e-05
0,0,1,0
0,1,0,0
0,0,1,0
0,0,0.999625,0.000375
1,0,0,0
0.0144375,0,0.9855625,0
0,0,1,0
0,0,1,0
1,0,0,0
0.2563125,0.3199375,0.4228125,0.0009375
0,0,1,0
0,0,0.00025,0.99975
0.998375,0,0.001625,0
0.998875,0.0003125,0.00025,0
0,0,1,0
1,0,0,0
0,0,1,0
0,0,0.0050625,0.9949375
0,0,0.9921875,0.0078125
0,0,1,0
0,0,1,0
0,0,1,0
0.9990625,0.0001875,0.00075,0
0,0,1,0
0,0,0.9925625,0.0074375
0,0,1,0
0,0,1,0
0,1,0,0
0.0035625,0,0.9964375,0
0,0,0.002375,0.997625
1,0,0,0
0,0,1,0
0,0,0.9786875,0.0213125
1,0,0,0
0,0,1,0
0,0,0.9999375,6.25e-05
0.479375,0.520625,0,0
0.0026875,0.148,0.8209375,0.028375
0.368,0.100375,0.26325,0.1610625
0,0,1,0
0,0,0.9950625,0.0049375
1,0,0,0
0,0,1,0
0,0,1,0
0,0,0.9950625,0.0049375
0,0,1,0
0,0,0.483375,0.516625
0,0,0.9999375,6.25e-05
0,0,1,0
0.00475,0,0.99525,0
0.996125,0.003875,0,0
0.0804375,0.8791875,0.0368125,0.0035625
0.00275,0,0.532875,0.4259375
0,0,0,1
0,0,1,0
0,0,1,0
0,0,1,0
0,0,0.9934375,0.0055625
0,0,1,0
0,0,0.9989375,0.0010625
0,0,0.2335,0.7665
0,0,1,0
0,0,0.0025,0.9975
0.044625,0.0018125,0.737,0.2113125
0,0,1,0
0,0,0.99325,0.00675
1,0,0,0
0.0015,0,0.9981875,0.0003125
0,0,0.9999375,6.25e-05
0,0,0.01275,0.98725
1,0,0,0
0,0,1,0
0,0,0.9996875,0.0003125
0,0,1,0
0.0056875,0,0.99425,6.25e-05
0,0,1,0
0,1,0,0
0.11775,0,0.88225,0
0,0,1,0
0.003375,0.996625,0,0
0.072875,0,0.927125,0
0,0,1,0
0.9535,6.25e-05,0.0463125,0.000125
0.5819375,0.4180625,0,0
1,0,0,0
0.8834375,0,0.1165625,0
0.068625,0.754625,0,0.1020625
0,0,0.6328125,0.3671875
0.1161875,0.0001875,0.5408125,0.1925
0,0,0.00025,0.99975
1,0,0,0
0,0,0.9999375,6.25e-05
0,0,0.9996875,0.0003125
0,0,0.999875,0.000125
0,0,0.5748125,0.4251875
0.0001875,0,0.9998125,0
0.995375,0.004625,0,0
0,0,1,0
1,0,0,0
1,0,0,0
1,0,0,0
1,0,0,0
0.0241875,5e-04,0.004,0.9699375
0,0,0.1679375,0.8320625
0,0,0.9999375,6.25e-05
1,0,0,0
0,0,1,0
0,0,1,0
0,0,0,1
0,0,1,0
1,0,0,0
0,0,1,0
0,0,0.9999375,6.25e-05
0,1,0,0
0.345625,0.000125,0.65425,0
0,0,1,0
0,0,1,0
0.0001875,0,0.9998125,0
0,0,1,0
0,0,1,0
0,0,1,0
0,0,0.223625,0.776375
0.2799375,0.0001875,0.59375,0.126125
0,0,0.9995625,0.0004375
0,0,1,0
0,0,1,0
0,0,0.999625,0.000375
0.0021875,0,0.5218125,0.476
0.0003125,0,0.9996875,0
0.0151875,0,0.9848125,0
0.016,0,0.984,0
0,0,0.998875,0.001125
0.9828125,0.0171875,0,0
0,0,1,0
0,0,1,0
1,0,0,0
1,0,0,0
0,0,1,0
0,0,1,0
0,0,1,0
0,0,1,0
0,0,1,0
0.1353125,0.8646875,0,0
0,0,1,0
0.1316875,0,0.8683125,0
0.004,0,0.9949375,0.0010625
0,0,1,0
0,1,0,0
0.9586875,0.003125,0.034625,0.0035625
0,1,0,0
1,0,0,0
0,0,0.999625,0.000375
0.004625,0,0.995375,0
0,0,1,0
1,0,0,0
0.9986875,0,0.001,0
0,0,1,0
0.0544375,0,0.9455625,0
0.0141875,0,0.9858125,0
0,0,0.0284375,0.9715625
0.007,0,0.993,0
0,0,1,0
0,0,1,0
0,0,0.008,0.992
0.00925,0,0.9905,0.00025
0,0,1,0
0,0,0.8365625,0.1634375
0,0,1,0
0,0,1,0
0,0,0.99675,0.00325
0,0,0.013,0.987
0,0,1,0
0,0,0.7650625,0.2349375
0,0,1,0
0,0,1,0
0.98175,0,0.01825,0
6.25e-05,0,0.9963125,0.0035625
0,0,1,0
0,0,1,0
0,0,1,0
0,0,1,0
0,0,1,0
0.001125,0,0.998875,0
0.979625,0.001,0,0.019375
0,1,0,0
0,0,1,0
0.940625,0,0.059375,0
1,0,0,0
0.4323125,6.25e-05,0.5675625,6.25e-05
0,0,0.3495625,0.6504375
0,0,1,0
0,0,1,0
0.3435625,6.25e-05,0,0.656375
0.9986875,0.000125,0.0011875,0
0.6134375,0,0.3865625,0
0,0,0.383375,0.616625
0,0,1,0
0.9054375,0.0945625,0,0
1,0,0,0
0.984125,0.015875,0,0
0.3990625,0.000125,0.6008125,0
1,0,0,0
0,0,1,0
0,0,1,0
1,0,0,0
0.21725,0.00075,0.755625,0.0253125
0.997375,0.0025625,6.25e-05,0
0.981875,0,0.018125,0
0,0,1,0
1,0,0,0
1,0,0,0
0,0,0,1
0,0,1,0
0.7860625,0.0001875,0.0191875,0.1573125
1,0,0,0
0.0009375,0,0.9990625,0
0,0,1,0
0,0,0.9925,0.0075
0,0,6.25e-05,0.9999375
0,0,0.0055,0.9945
0,0,1,0
0.002125,0,0,0.997875
0.0051875,0.001375,0.0515,0.936
