"group","variable","n","mean","sd","q25","median","q75"
1,"Age",117,25.4188034188034,3.77203712509456,23,24,28
1,"G",117,13.9401709401709,10.9939564889476,5,14,20
1,"MP",117,155.102564102564,170.363272339827,35,107,216
2,"Age",25,26,4.28174419288838,23,25,29
2,"G",25,7.68,10.6329676008159,3,4,7
2,"MP",25,58.84,109.25607534595,9,29,52
3,"Age",339,26.3185840707965,4.22152588875748,23,26,29
3,"G",339,62.1622418879056,18.4698760576861,53,69,77
3,"MP",339,1514.81710914454,720.078596673227,921.5,1562,2043.5
4,"Age",56,26.3035714285714,4.57630117753765,23,26,29.25
4,"G",56,57.25,18.4816862670246,45.25,61.5,73.25
4,"MP",56,1084.05357142857,649.722889731891,562.5,974.5,1448.5
