"group","n","variable","high_fraction","sample_high_fraction","high_deviation"
1,117,"PER",0.0854700854700855,0.394785847299814,-0.309315761829728
1,117,"TS%",0.205128205128205,0.39292364990689,-0.187795444778685
1,117,"3PAr",0.547008547008547,0.396648044692737,0.15036050231581
1,117,"FTr",0.333333333333333,0.400372439478585,-0.0670391061452514
1,117,"ORB%",0.299145299145299,0.398510242085661,-0.099364942940362
1,117,"DRB%",0.282051282051282,0.400372439478585,-0.118321157427303
1,117,"TRB%",0.256410256410256,0.394785847299814,-0.138375590889557
1,117,"AST%",0.299145299145299,0.398510242085661,-0.099364942940362
1,117,"STL%",0.307692307692308,0.385474860335196,-0.0777825526428878
1,117,"BLK%",0.256410256410256,0.368715083798883,-0.112304827388626
1,117,"TOV%",0.452991452991453,0.39292364990689,0.0600678030845629
1,117,"USG%",0.239316239316239,0.398510242085661,-0.159194002769422
1,117,"OWS",0,0.383612662942272,-0.383612662942272
1,117,"DWS",0,0.385474860335196,-0.385474860335196
1,117,"WS/48",0.128205128205128,0.398510242085661,-0.270305113880533
1,117,"OBPM",0.162393162393162,0.391061452513966,-0.228668290120804
1,117,"DBPM",0.299145299145299,0.39292364990689,-0.093778350761591
1,117,"VORP",0.00854700854700855,0.394785847299814,-0.386238838752805
2,25,"PER",0.64,0.394785847299814,0.245214152700186
2,25,"TS%",0.6,0.39292364990689,0.20707635009311
2,25,"3PAr",0.24,0.396648044692737,-0.156648044692737
2,25,"FTr",0.36,0.400372439478585,-0.0403724394785848
2,25,"ORB%",0.68,0.398510242085661,0.281489757914339
2,25,"DRB%",0.64,0.400372439478585,0.239627560521415
2,25,"TRB%",0.72,0.394785847299814,0.325214152700186
2,25,"AST%",0.2,0.398510242085661,-0.198510242085661
2,25,"STL%",0.4,0.385474860335196,0.0145251396648045
2,25,"BLK%",0.28,0.368715083798883,-0.0887150837988827
2,25,"TOV%",0.52,0.39292364990689,0.12707635009311
2,25,"USG%",0.44,0.398510242085661,0.0414897579143389
2,25,"OWS",0,0.383612662942272,-0.383612662942272
2,25,"DWS",0,0.385474860335196,-0.385474860335196
2,25,"WS/48",0.68,0.398510242085661,0.281489757914339
2,25,"OBPM",0.4,0.391061452513966,0.00893854748603357
2,25,"DBPM",0.52,0.39292364990689,0.12707635009311
2,25,"VORP",0,0.394785847299814,-0.394785847299814
3,339,"PER",0.392330383480826,0.394785847299814,-0.00245546381898787
3,339,"TS%",0.351032448377581,0.39292364990689,-0.041891201529309
3,339,"3PAr",0.421828908554572,0.396648044692737,0.0251808638618348
3,339,"FTr",0.35693215339233,0.400372439478585,-0.0434402860862544
3,339,"ORB%",0.315634218289086,0.398510242085661,-0.0828760237965755
3,339,"DRB%",0.339233038348083,0.400372439478585,-0.0611394011305021
3,339,"TRB%",0.31858407079646,0.394785847299814,-0.0762017765033536
3,339,"AST%",0.48377581120944,0.398510242085661,0.0852655691237784
3,339,"STL%",0.424778761061947,0.385474860335196,0.0393039007267514
3,339,"BLK%",0.321533923303835,0.368715083798883,-0.0471811604950479
3,339,"TOV%",0.345132743362832,0.39292364990689,-0.0477909065440583
3,339,"USG%",0.474926253687316,0.398510242085661,0.0764160116016545
3,339,"OWS",0.486725663716814,0.383612662942272,0.103113000774542
3,339,"DWS",0.519174041297935,0.385474860335196,0.13369918096274
3,339,"WS/48",0.374631268436578,0.398510242085661,-0.0238789736490829
3,339,"OBPM",0.448377581120944,0.391061452513966,0.0573161286069775
3,339,"DBPM",0.392330383480826,0.39292364990689,-0.000593266426064165
3,339,"VORP",0.510324483775811,0.394785847299814,0.115538636475997
4,56,"PER",0.946428571428571,0.394785847299814,0.551642724128758
4,56,"TS%",0.946428571428571,0.39292364990689,0.553504921521681
4,56,"3PAr",0,0.396648044692737,-0.396648044692737
4,56,"FTr",0.821428571428571,0.400372439478585,0.421056131949987
4,56,"ORB%",0.982142857142857,0.398510242085661,0.583632615057196
4,56,"DRB%",0.910714285714286,0.400372439478585,0.510341846235701
4,56,"TRB%",1,0.394785847299814,0.605214152700186
4,56,"AST%",0.178571428571429,0.398510242085661,-0.219938813514233
4,56,"STL%",0.303571428571429,0.385474860335196,-0.081903431763767
4,56,"BLK%",0.928571428571429,0.368715083798883,0.559856344772546
4,56,"TOV%",0.5,0.39292364990689,0.10707635009311
4,56,"USG%",0.25,0.398510242085661,-0.148510242085661
4,56,"OWS",0.732142857142857,0.383612662942272,0.348530194200585
4,56,"DWS",0.553571428571429,0.385474860335196,0.168096568236233
4,56,"WS/48",0.982142857142857,0.398510242085661,0.583632615057196
4,56,"OBPM",0.517857142857143,0.391061452513966,0.126795690343176
4,56,"DBPM",0.535714285714286,0.39292364990689,0.142790635807396
4,56,"VORP",0.678571428571429,0.394785847299814,0.283785581271615
