"player_id","Player","Pos","Age","Tm","G","MP","Rk","source_excel_row","position","group"
"abrinal01","<U+00C1>lex Abrines","SG",24,"OKC",75,1134,1,2,"Guards",3
"acyqu01","Quincy Acy","PF",27,"BRK",70,1359,2,3,"Forwards",3
"adamsst01","Steven Adams","C",24,"OKC",76,2487,3,4,"Centres",4
"adebaba01","Bam Adebayo","C",20,"MIA",69,1368,4,5,"Centres",4
"afflaar01","Arron Afflalo","SG",32,"ORL",53,682,5,6,"Guards",3
"aldrico01","Cole Aldrich","C",29,"MIN",21,49,6,7,"Centres",1
"aldrila01","LaMarcus Aldridge","C",32,"SAS",75,2509,7,8,"Centres",3
"allenja01","Jarrett Allen","C",19,"BRK",72,1441,8,9,"Centres",4
"allenka01","Kadeem Allen","PG",25,"BOS",18,107,9,10,"Guards",1
"allento01","Tony Allen","SF",36,"NOP",22,273,10,11,"Forwards",3
"aminual01","Al-Farouq Aminu","PF",27,"POR",69,2072,11,12,"Forwards",3
"anderju01","Justin Anderson","SF",24,"PHI",38,519,12,13,"Forwards",3
"anderky01","Kyle Anderson","SF",24,"SAS",74,1978,13,14,"Forwards",3
"anderry01","Ryan Anderson","PF",29,"HOU",66,1725,14,15,"Forwards",3
"anigbik01","Ike Anigbogu","C",19,"IND",11,30,15,16,"Centres",4
"antetgi01","Giannis Antetokounmpo","PF",23,"MIL",75,2756,16,17,"Forwards",3
"anthoca01","Carmelo Anthony","PF",33,"OKC",78,2501,17,18,"Forwards",3
"anunoog01","OG Anunoby","SF",20,"TOR",74,1481,18,19,"Forwards",3
"arcidry01","Ryan Arcidiacono","PG",23,"CHI",24,304,19,20,"Guards",3
"arizatr01","Trevor Ariza","SF",32,"HOU",67,2269,20,21,"Forwards",3
"arthuda01","Darrell Arthur","PF",29,"DEN",19,141,21,22,"Forwards",1
"artisja01","Jamel Artis","SG",25,"ORL",15,279,22,23,"Guards",1
"asikom01","<U+00D6>mer A<U+015F><U+0131>k","C",31,"TOT",18,182,23,24,"Centres",1
"augusdj01","D.J. Augustin","PG",30,"ORL",75,1760,24,27,"Guards",3
"babbilu01","Luke Babbitt","SF",28,"TOT",50,715,25,28,"Forwards",3
"bacondw01","Dwayne Bacon","SG",22,"CHO",53,713,26,31,"Guards",3
"bakerro01","Ron Baker","SG",24,"NYK",29,385,27,32,"Guards",1
"baldwwa01","Wade Baldwin","PG",21,"POR",7,80,28,33,"Guards",1
"balllo01","Lonzo Ball","PG",20,"LAL",52,1780,29,34,"Guards",3
"bareajo01","J.J. Barea","PG",33,"DAL",69,1603,30,35,"Guards",3
"barneha02","Harrison Barnes","PF",25,"DAL",77,2634,31,36,"Forwards",3
"bartowi01","Will Barton","SG",27,"DEN",81,2683,32,37,"Guards",3
"batumni01","Nicolas Batum","SG",29,"CHO",64,1981,33,38,"Guards",3
"bayleje01","Jerryd Bayless","SG",29,"PHI",39,925,34,39,"Guards",3
"baynear01","Aron Baynes","C",31,"BOS",81,1485,35,40,"Centres",3
"bazemke01","Kent Bazemore","SG",28,"ATL",65,1789,36,41,"Guards",3
"bealbr01","Bradley Beal","SG",24,"WAS",82,2977,37,42,"Guards",3
"beaslma01","Malik Beasley","SG",21,"DEN",62,583,38,43,"Guards",3
"beaslmi01","Michael Beasley","PF",29,"NYK",74,1653,39,44,"Forwards",3
"belinma01","Marco Belinelli","SG",31,"TOT",80,1947,40,45,"Guards",3
"belljo01","Jordan Bell","C",23,"GSW",57,809,41,48,"Centres",4
"bembrde01","DeAndre' Bembry","SF",23,"ATL",26,455,42,49,"Forwards",1
"bendedr01","Dragan Bender","PF",20,"PHO",82,2069,43,50,"Forwards",3
"bertada01","D<U+0101>vis Bert<U+0101>ns","PF",25,"SAS",77,1086,44,51,"Forwards",3
"beverpa01","Patrick Beverley","SG",29,"LAC",11,334,45,52,"Guards",1
"birchkh01","Khem Birch","C",25,"ORL",42,578,46,53,"Centres",4
"birdja01","Jabari Bird","SG",23,"BOS",13,115,47,54,"Guards",1
"biyombi01","Bismack Biyombo","C",25,"ORL",82,1495,48,55,"Centres",3
"bjeline01","Nemanja Bjelica","PF",29,"MIN",67,1371,49,56,"Forwards",3
"blackta01","Tarik Black","C",26,"HOU",51,536,50,57,"Centres",2
"blakean01","Antonio Blakeney","SG",21,"CHI",19,314,51,58,"Guards",3
"bledser01","Eric Bledsoe","PG",28,"TOT",74,2322,52,59,"Guards",3
"blueva01","Vander Blue","SG",25,"LAL",5,45,53,62,"Guards",1
"bogdabo01","Bogdan Bogdanovi<U+0107>","SG",25,"SAC",78,2175,54,63,"Guards",3
"bogdabo02","Bojan Bogdanovi<U+0107>","SF",28,"IND",80,2464,55,64,"Forwards",3
"bogutan01","Andrew Bogut","C",33,"LAL",24,216,56,65,"Centres",2
"bolomjo01","Joel Bolomboy","PF",24,"MIL",6,38,57,66,"Forwards",2
"bookede01","Devin Booker","SG",21,"PHO",54,1865,58,67,"Guards",3
"booketr01","Trevor Booker","PF",30,"TOT",68,1158,59,68,"Forwards",4
"bouchch01","Chris Boucher","PF",25,"GSW",1,1,60,72,"Forwards",1
"bradlav01","Avery Bradley","SG",27,"TOT",46,1433,61,73,"Guards",3
"bradlto01","Tony Bradley","C",20,"UTA",9,29,62,76,"Centres",2
"breweco01","Corey Brewer","SF-SG",31,"TOT",72,1208,63,77,"Forwards",3
"brogdma01","Malcolm Brogdon","PG",25,"MIL",48,1436,64,80,"Guards",3
"brookaa01","Aaron Brooks","PG",33,"MIN",32,189,65,81,"Guards",3
"brookdi01","Dillon Brooks","SF",22,"MEM",82,2350,66,82,"Forwards",3
"brookma01","MarShon Brooks","SG",29,"MEM",7,193,67,83,"Guards",1
"brownan02","Anthony Brown","SF",25,"MIN",1,4,68,84,"Forwards",2
"brownbo02","Bobby Brown","PG",33,"HOU",20,115,69,85,"Guards",1
"brownja02","Jaylen Brown","SG",21,"BOS",70,2152,70,86,"Guards",3
"brownlo01","Lorenzo Brown","PG",27,"TOR",14,139,71,87,"Guards",1
"brownma02","Markel Brown","SG",26,"HOU",4,31,72,88,"Guards",1
"brownst02","Sterling Brown","SG",22,"MIL",54,776,73,89,"Guards",3
"brussni01","Nicol<U+00E1>s Brussino","SF",24,"ATL",4,10,74,90,"Forwards",1
"bryanth01","Thomas Bryant","C",20,"LAL",15,72,75,91,"Centres",1
"bullore01","Reggie Bullock","SF",26,"DET",62,1732,76,92,"Forwards",3
"burketr01","Trey Burke","PG",25,"NYK",36,785,77,93,"Guards",3
"burksal01","Alec Burks","SG",26,"UTA",64,1059,78,94,"Guards",3
"butleji01","Jimmy Butler","SG",28,"MIN",59,2164,79,95,"Guards",3
"buyckdw01","Dwight Buycks","PG",28,"DET",29,427,80,96,"Guards",3
"cabocbr01","Bruno Caboclo","SF",22,"TOT",12,107,81,97,"Forwards",1
"caldejo01","Jos<U+00E9> Calder<U+00F3>n","PG",36,"CLE",57,914,82,100,"Guards",3
"caldwke01","Kentavious Caldwell-Pope","SG",24,"LAL",74,2458,83,101,"Guards",3
"canaais01","Isaiah Canaan","PG-SG",26,"TOT",20,422,84,102,"Guards",3
"capelca01","Clint Capela","C",23,"HOU",74,2034,85,105,"Centres",4
"carrode01","DeMarre Carroll","PF",31,"BRK",73,2180,86,106,"Forwards",3
"cartevi01","Vince Carter*","SF",41,"SAC",58,1026,87,107,"Forwards",3
"cartemi01","Michael Carter-Williams","PG",26,"CHO",52,835,88,108,"Guards",3
"carusal01","Alex Caruso","PG",23,"LAL",37,562,89,109,"Guards",3
"casspom01","Omri Casspi","SF",29,"GSW",53,740,90,110,"Forwards",4
"caulewi01","Willie Cauley-Stein","C",24,"SAC",73,2044,91,111,"Centres",3
"cavanty01","Tyler Cavanaugh","PF",23,"ATL",39,518,92,112,"Forwards",1
"chalmma01","Mario Chalmers","PG",31,"MEM",66,1421,93,113,"Guards",3
"chandty01","Tyson Chandler","C",35,"PHO",46,1151,94,114,"Centres",4
"chandwi01","Wilson Chandler","SF",30,"DEN",74,2346,95,115,"Forwards",3
"chrisma01","Marquese Chriss","PF",20,"PHO",72,1527,96,116,"Forwards",3
"clarkia01","Ian Clark","SG",26,"NOP",74,1455,97,117,"Guards",3
"clarkjo01","Jordan Clarkson","SG",25,"TOT",81,1888,98,118,"Guards",3
"clavegi01","Gian Clavell","SG",24,"DAL",7,64,99,121,"Guards",1
"clevean01","Antonius Cleveland","SG",23,"TOT",17,123,100,122,"Guards",1
"collijo01","John Collins","PF",20,"ATL",74,1785,101,125,"Forwards",4
"colliza01","Zach Collins","C",20,"POR",66,1045,102,126,"Centres",3
"colliky01","Kyle Collinsworth","SF",26,"DAL",32,480,103,127,"Forwards",3
"collida01","Darren Collison","PG",30,"IND",69,2018,104,128,"Guards",3
"collini01","Nick Collison","PF",37,"OKC",15,75,105,129,"Forwards",2
"conlemi01","Mike Conley","PG",30,"MEM",12,373,106,130,"Guards",1
"connapa01","Pat Connaughton","SG",25,"POR",82,1488,107,131,"Guards",3
"cookqu01","Quinn Cook","PG",24,"GSW",33,740,108,132,"Guards",1
"cookech01","Charles Cooke","SG",23,"NOP",13,38,109,133,"Guards",1
"cooleja01","Jack Cooley","PF",26,"SAC",7,87,110,134,"Forwards",2
"costema01","Matt Costello","C",24,"SAS",4,32,111,135,"Centres",2
"couside01","DeMarcus Cousins","C",27,"NOP",48,1737,112,136,"Centres",3
"covinro01","Robert Covington","SF",27,"PHI",80,2532,113,137,"Forwards",3
"crabbal01","Allen Crabbe","SG",25,"BRK",75,2197,114,138,"Guards",3
"craigto01","Torrey Craig","SF",27,"DEN",39,629,115,139,"Forwards",3
"crawfja01","Jamal Crawford","SG",37,"MIN",80,1653,116,140,"Guards",3
"crawfjo02","Jordan Crawford","SG",29,"NOP",5,53,117,141,"Guards",2
"crowdja01","Jae Crowder","SF",27,"TOT",80,2090,118,142,"Forwards",3
"cunnida01","Dante Cunningham","SF",30,"TOT",73,1562,119,145,"Forwards",3
"curryst01","Stephen Curry","PG",29,"GSW",51,1631,120,148,"Guards",3
"danietr01","Troy Daniels","SG",26,"PHO",79,1622,121,149,"Guards",3
"davisan02","Anthony Davis","PF",24,"NOP",75,2727,122,150,"Forwards",3
"davisde01","Deyonta Davis","C",21,"MEM",62,943,123,151,"Centres",4
"davised01","Ed Davis","C",28,"POR",78,1471,124,152,"Centres",4
"dedmode01","Dewayne Dedmon","C",28,"ATL",62,1542,125,153,"Centres",3
"dekkesa01","Sam Dekker","PF",23,"LAC",73,883,126,154,"Forwards",3
"delanma01","Malcolm Delaney","PG",28,"ATL",54,1014,127,155,"Guards",3
"dellama01","Matthew Dellavedova","PG",27,"MIL",38,712,128,156,"Guards",3
"denglu01","Luol Deng","SF",32,"LAL",1,13,129,157,"Forwards",1
"derozde01","DeMar DeRozan","SG",28,"TOR",80,2711,130,158,"Guards",3
"diallch01","Cheick Diallo","PF",21,"NOP",52,581,131,159,"Forwards",4
"dienggo01","Gorgui Dieng","C",28,"MIN",79,1333,132,160,"Centres",3
"dinwisp01","Spencer Dinwiddie","PG",24,"BRK",80,2306,133,161,"Guards",3
"dorsety01","Tyler Dorsey","SG",21,"ATL",56,974,134,162,"Guards",3
"dotsoda01","Damyean Dotson","SG",23,"NYK",44,474,135,163,"Guards",3
"doylemi01","Milton Doyle","SG",24,"BRK",10,125,136,164,"Guards",1
"doziepj01","PJ Dozier","PG",21,"OKC",2,3,137,165,"Guards",1
"dragigo01","Goran Dragi<U+0107>","PG",31,"MIA",75,2378,138,166,"Guards",3
"drewla02","Larry Drew II","PG",27,"TOT",10,70,139,167,"Guards",1
"drumman01","Andre Drummond","C",24,"DET",78,2625,140,170,"Centres",3
"dudleja01","Jared Dudley","PF",32,"PHO",48,686,141,171,"Forwards",3
"dunnkr01","Kris Dunn","PG",23,"CHI",52,1525,142,172,"Guards",3
"duranke01","Kevin Durant","SF",29,"GSW",68,2325,143,173,"Forwards",3
"eddieja01","Jarell Eddie","SF",26,"TOT",3,9,144,174,"Forwards",1
"ellenhe01","Henry Ellenson","PF",21,"DET",38,329,145,177,"Forwards",3
"ellinwa01","Wayne Ellington","SG",30,"MIA",77,2041,146,178,"Guards",3
"embiijo01","Joel Embiid","C",23,"PHI",63,1912,147,179,"Centres",3
"ennisja01","James Ennis III","SF",27,"TOT",72,1604,148,180,"Forwards",3
"ennisty01","Tyler Ennis","PG",23,"LAL",54,683,149,183,"Guards",3
"evansja01","Jawun Evans","PG",21,"LAC",48,778,150,184,"Guards",3
"evansje01","Jeremy Evans","SF",30,"ATL",1,5,151,185,"Forwards",2
"evansty01","Tyreke Evans","PG",28,"MEM",52,1607,152,186,"Guards",3
"exumda01","Dante Exum","PG",22,"UTA",14,235,153,187,"Guards",1
"farieke01","Kenneth Faried","PF",28,"DEN",32,461,154,188,"Forwards",4
"favorde01","Derrick Favors","C",26,"UTA",77,2153,155,189,"Centres",4
"feldeka01","Kay Felder","PG",22,"TOT",16,140,156,190,"Guards",1
"feliccr01","Cristiano Fel<U+00ED>cio","C",25,"CHI",55,977,157,193,"Centres",4
"feltora01","Raymond Felton","PG",33,"OKC",82,1365,158,194,"Guards",3
"fergute01","Terrance Ferguson","SG",19,"OKC",61,763,159,195,"Guards",3
"ferreyo01","Yogi Ferrell","SG",24,"DAL",82,2282,160,196,"Guards",3
"finnedo01","Dorian Finney-Smith","PF",24,"DAL",21,448,161,197,"Forwards",3
"forbebr01","Bryn Forbes","SG",24,"SAS",80,1517,162,198,"Guards",3
"fournev01","Evan Fournier","SF",25,"ORL",57,1837,163,199,"Forwards",3
"foxde01","De'Aaron Fox","PG",20,"SAC",73,2026,164,200,"Guards",3
"fraziti01","Tim Frazier","PG",27,"WAS",59,838,165,201,"Guards",3
"kanteen01","Enes Freedom","C",25,"NYK",71,1830,166,202,"Centres",4
"fryech01","Channing Frye","C",34,"TOT",53,695,167,203,"Centres",1
"fultzma01","Markelle Fultz","SG",19,"PHI",14,253,168,206,"Guards",3
"gallida01","Danilo Gallinari","SF",29,"LAC",21,671,169,207,"Forwards",1
"gallola01","Langston Galloway","SG",26,"DET",58,863,170,208,"Guards",3
"gasolma01","Marc Gasol","C",33,"MEM",73,2408,171,209,"Centres",3
"gasolpa01","Pau Gasol*","C",37,"SAS",77,1812,172,210,"Centres",3
"gayru01","Rudy Gay","PF",31,"SAS",57,1231,173,211,"Forwards",3
"georgpa01","Paul George","SF",27,"OKC",79,2891,174,212,"Forwards",3
"georgma01","Marcus Georges-Hunt","SG",23,"MIN",42,224,175,213,"Guards",1
"gibsojo01","Jonathan Gibson","PG",30,"BOS",4,40,176,214,"Guards",2
"gibsota01","Taj Gibson","PF",32,"MIN",82,2726,177,215,"Forwards",3
"ginobma01","Manu Gin<U+00F3>bili*","SG",40,"SAS",65,1299,178,216,"Guards",3
"goberru01","Rudy Gobert","C",25,"UTA",56,1816,179,217,"Centres",4
"gordoaa01","Aaron Gordon","PF",22,"ORL",58,1909,180,218,"Forwards",3
"gordoer01","Eric Gordon","SG",29,"HOU",69,2154,181,219,"Guards",3
"gortama01","Marcin Gortat","C",33,"WAS",82,2075,182,220,"Centres",4
"grahatr01","Treveon Graham","SG",24,"CHO",63,1050,183,221,"Guards",3
"grantje01","Jerami Grant","PF",23,"OKC",81,1647,184,222,"Forwards",3
"grantje02","Jerian Grant","PG",25,"CHI",74,1686,185,223,"Guards",3
"grayjo01","Josh Gray","PG",24,"PHO",5,86,186,224,"Guards",1
"greenda02","Danny Green","SG",30,"SAS",70,1791,187,225,"Guards",3
"greendr01","Draymond Green","PF",27,"GSW",70,2287,188,226,"Forwards",3
"greenge01","Gerald Green","SG",32,"HOU",41,929,189,227,"Guards",3
"greenja01","JaMychal Green","PF",27,"MEM",55,1542,190,228,"Forwards",3
"greenje02","Jeff Green","PF",31,"CLE",78,1828,191,229,"Forwards",3
"griffbl01","Blake Griffin","PF",28,"TOT",58,1970,192,230,"Forwards",3
"hamilda02","Daniel Hamilton","SG",22,"OKC",6,28,193,233,"Guards",2
"hardati02","Tim Hardaway Jr.","SG",25,"NYK",57,1885,194,234,"Guards",3
"hardeja01","James Harden","SG",28,"HOU",72,2551,195,235,"Guards",3
"harklma01","Maurice Harkless","SF",24,"POR",59,1264,196,236,"Forwards",3
"harremo01","Montrezl Harrell","C",24,"LAC",76,1293,197,237,"Centres",3
"harride01","Devin Harris","PG",34,"TOT",71,1340,198,238,"Guards",3
"harriga01","Gary Harris","SG",23,"DEN",67,2304,199,241,"Guards",3
"harrijo01","Joe Harris","SG",26,"BRK",78,1975,200,242,"Guards",3
"harrito02","Tobias Harris","PF",25,"TOT",80,2668,201,243,"Forwards",3
"harriaa01","Aaron Harrison","SG",23,"DAL",9,233,202,246,"Guards",3
"harrian01","Andrew Harrison","PG",23,"MEM",56,1326,203,247,"Guards",3
"harrish01","Shaquille Harrison","PG",24,"PHO",23,384,204,248,"Guards",3
"hartjo01","Josh Hart","SG",22,"LAL",63,1461,205,249,"Guards",3
"hasleud01","Udonis Haslem","C",37,"MIA",14,72,206,250,"Centres",1
"hayesni01","Nigel Hayes","SF",23,"TOT",9,122,207,251,"Forwards",1
"haywago01","Gordon Hayward","SF",27,"BOS",1,5,208,255,"Forwards",1
"hearnre01","Reggie Hearn","SG",26,"DET",3,7,209,256,"Guards",1
"henrymy01","Myke Henry","SF",25,"MEM",20,378,210,257,"Forwards",1
"hensojo01","John Henson","C",27,"MIL",76,1970,211,258,"Centres",4
"hernaju01","Juancho Hernang<U+00F3>mez","PF",22,"DEN",25,277,212,259,"Forwards",3
"hernawi01","Willy Hernang<U+00F3>mez","C",23,"TOT",48,495,213,260,"Centres",4
"hezonma01","Mario Hezonja","SF",22,"ORL",75,1657,214,263,"Forwards",3
"hicksis01","Isaiah Hicks","PF",23,"NYK",18,240,215,264,"Forwards",1
"hieldbu01","Buddy Hield","SG",25,"SAC",80,2024,216,265,"Guards",3
"hilarne01","Nen<U+00EA>","C",35,"HOU",52,758,217,266,"Centres",4
"hillge01","George Hill","PG",31,"TOT",67,1812,218,267,"Guards",3
"hillso01","Solomon Hill","SF",26,"NOP",12,187,219,270,"Forwards",3
"hillida01","Darrun Hilliard","SG",24,"SAS",14,95,220,271,"Guards",1
"holidjr01","Jrue Holiday","SG",27,"NOP",81,2927,221,272,"Guards",3
"holidju01","Justin Holiday","SG",28,"CHI",72,2265,222,273,"Guards",3
"hollajo02","John Holland","SF",29,"CLE",24,174,223,274,"Forwards",1
"holliro01","Rondae Hollis-Jefferson","SF",23,"BRK",68,1920,224,275,"Forwards",3
"holmeri01","Richaun Holmes","C",24,"PHI",48,746,225,276,"Centres",4
"hoodro01","Rodney Hood","SG",25,"TOT",60,1616,226,277,"Guards",3
"hopsosc01","Scotty Hopson","SG",28,"DAL",1,8,227,280,"Guards",1
"horfoal01","Al Horford","C",31,"BOS",72,2277,228,281,"Centres",3
"houseda01","Danuel House Jr.","SG",24,"PHO",23,403,229,282,"Guards",1
"howardw01","Dwight Howard","C",32,"CHO",81,2463,230,283,"Centres",4
"huestjo01","Josh Huestis","PF",26,"OKC",69,982,231,284,"Forwards",3
"hunterj01","R.J. Hunter","SG",24,"HOU",5,45,232,285,"Guards",1
"huntevi01","Vince Hunter","PF",23,"MEM",4,7,233,286,"Forwards",2
"ibakase01","Serge Ibaka","PF",28,"TOR",76,2093,234,287,"Forwards",3
"iguodan01","Andre Iguodala","SF",34,"GSW",64,1622,235,288,"Forwards",3
"ilyaser01","Ersan <U+0130>lyasova","PF",30,"TOT",69,1729,236,289,"Forwards",3
"inglejo01","Joe Ingles","SF",30,"UTA",82,2578,237,292,"Forwards",3
"ingraan01","Andre Ingram","SG",32,"LAL",2,64,238,293,"Guards",1
"ingrabr01","Brandon Ingram","SF",20,"LAL",59,1975,239,294,"Forwards",3
"irvinky01","Kyrie Irving","PG",25,"BOS",60,1931,240,295,"Guards",3
"isaacjo01","Jonathan Isaac","PF",20,"ORL",27,536,241,296,"Forwards",3
"iwundwe01","Wes Iwundu","SF",23,"ORL",62,1020,242,297,"Forwards",3
"jackja01","Jarrett Jack","PG",34,"NYK",62,1548,243,298,"Guards",3
"jacksaa01","Aaron Jackson","PG",31,"HOU",1,35,244,299,"Guards",1
"jacksde01","Demetrius Jackson","PG",23,"TOT",15,80,245,300,"Guards",1
"jacksjo02","Josh Jackson","SF",20,"PHO",77,1959,246,303,"Forwards",3
"jacksju01","Justin Jackson","SF",22,"SAC",68,1506,247,304,"Forwards",3
"jacksre01","Reggie Jackson","PG",27,"DET",45,1201,248,305,"Guards",3
"jamesle01","LeBron James","PF",33,"CLE",82,3026,249,306,"Forwards",3
"jamesmi02","Mike James","PG",27,"TOT",36,687,250,307,"Guards",3
"jeffeal01","Al Jefferson","C",33,"IND",36,484,251,310,"Centres",4
"jefferi01","Richard Jefferson","SF",37,"DEN",20,163,252,311,"Forwards",1
"jennibr01","Brandon Jennings","PG",28,"MIL",14,205,253,312,"Guards",3
"jerebjo01","Jonas Jerebko","PF",30,"UTA",74,1134,254,313,"Forwards",3
"johnsam01","Amir Johnson","C",30,"PHI",74,1171,255,314,"Centres",4
"johnsbr02","Brice Johnson","PF",23,"TOT",18,98,256,315,"Forwards",2
"johnsda04","Dakari Johnson","C",22,"OKC",31,161,257,318,"Centres",4
"johnsja01","James Johnson","PF",30,"MIA",73,1943,258,319,"Forwards",3
"johnsjo02","Joe Johnson","SF",36,"TOT",55,1205,259,320,"Forwards",3
"johnsom01","Omari Johnson","PF",28,"MEM",4,75,260,323,"Forwards",1
"johnsst04","Stanley Johnson","SF",21,"DET",69,1894,261,324,"Forwards",3
"johnsty01","Tyler Johnson","PG",25,"MIA",72,2052,262,325,"Guards",3
"johnswe01","Wesley Johnson","SF",30,"LAC",74,1486,263,326,"Forwards",3
"jokicni01","Nikola Joki<U+0107>","C",22,"DEN",75,2443,264,327,"Centres",3
"jonesda03","Damian Jones","C",22,"GSW",15,89,265,328,"Centres",1
"jonesde02","Derrick Jones Jr.","SF",20,"TOT",20,245,266,329,"Forwards",1
"jonesja04","Jalen Jones","SF",24,"TOT",16,181,267,332,"Forwards",3
"jonesty01","Tyus Jones","PG",21,"MIN",82,1467,268,335,"Guards",3
"jordade01","DeAndre Jordan","C",29,"LAC",77,2424,269,336,"Centres",4
"josepco01","Cory Joseph","PG",26,"IND",82,2210,270,337,"Guards",3
"kaminfr01","Frank Kaminsky","PF",24,"CHO",79,1835,271,338,"Forwards",3
"kennalu01","Luke Kennard","SG",21,"DET",73,1463,272,339,"Guards",3
"kiddgmi01","Michael Kidd-Gilchrist","SF",24,"CHO",74,1850,273,340,"Forwards",3
"kilpase01","Sean Kilpatrick","SG",28,"TOT",52,640,274,341,"Guards",3
"klebima01","Maxi Kleber","PF",26,"DAL",72,1206,275,346,"Forwards",3
"korkmfu01","Furkan Korkmaz","SG",20,"PHI",14,80,276,347,"Guards",1
"kornelu01","Luke Kornet","C",22,"NYK",20,326,277,348,"Centres",1
"korveky01","Kyle Korver","SG",36,"CLE",73,1574,278,349,"Guards",3
"koufoko01","Kosta Koufos","C",28,"SAC",71,1391,279,350,"Centres",4
"kuzmaky01","Kyle Kuzma","PF",22,"LAL",77,2401,280,351,"Forwards",3
"kuzmimi01","Mindaugas Kuzminskas","SF",28,"NYK",1,2,281,352,"Forwards",1
"labissk01","Skal Labissi<U+00E8>re","PF",21,"SAC",60,1240,282,353,"Forwards",3
"lambje01","Jeremy Lamb","SG",25,"CHO",80,1967,283,354,"Guards",3
"larkish01","Shane Larkin","PG",25,"BOS",54,775,284,355,"Guards",3
"lauvejo01","Joffrey Lauvergne","C",26,"SAS",55,534,285,356,"Centres",3
"lavinza01","Zach LaVine","SG",22,"CHI",24,656,286,357,"Guards",3
"laymaja01","Jake Layman","SF",23,"POR",35,160,287,358,"Forwards",1
"leaftj01","T.J. Leaf","PF",20,"IND",53,459,288,359,"Forwards",3
"leeco01","Courtney Lee","SG",32,"NYK",76,2310,289,360,"Guards",3
"leeda03","Damion Lee","SG",25,"ATL",15,404,290,361,"Guards",1
"lemonwa01","Walt Lemon Jr.","PG",25,"NOP",5,35,291,362,"Guards",1
"lenal01","Alex Len","C",24,"PHO",69,1395,292,363,"Centres",4
"leonaka01","Kawhi Leonard","SF",26,"SAS",9,210,293,364,"Forwards",4
"leoname01","Meyers Leonard","C",25,"POR",33,254,294,365,"Centres",1
"leuerjo01","Jon Leuer","PF",28,"DET",8,136,295,366,"Forwards",1
"leverca01","Caris LeVert","SF",23,"BRK",71,1864,296,367,"Forwards",3
"liggide01","DeAndre Liggins","SG",29,"TOT",58,724,297,368,"Guards",3
"lillada01","Damian Lillard","PG",27,"POR",73,2670,298,371,"Guards",3
"linje01","Jeremy Lin","PG",29,"BRK",1,25,299,372,"Guards",1
"livinsh01","Shaun Livingston","PG",32,"GSW",71,1129,300,373,"Guards",3
"looneke01","Kevon Looney","C",21,"GSW",66,910,301,374,"Centres",4
"lopezbr01","Brook Lopez","C",29,"LAL",74,1735,302,375,"Centres",3
"lopezro01","Robin Lopez","C",29,"CHI",64,1690,303,376,"Centres",3
"loveke01","Kevin Love","C",29,"CLE",59,1651,304,377,"Centres",3
"lowryky01","Kyle Lowry","PG",31,"TOR",78,2510,305,378,"Guards",3
"luwawti01","Timoth<U+00E9> Luwawu-Cabarrot","SF",22,"PHI",52,807,306,379,"Forwards",3
"lylestr01","Trey Lyles","PF",22,"DEN",73,1391,308,381,"Forwards",3
"macksh01","Shelvin Mack","PG",27,"ORL",69,1365,309,382,"Guards",3
"magetjo01","Josh Magette","PG",28,"ATL",18,216,310,383,"Guards",1
"mahinia01","Ian Mahinmi","C",31,"WAS",77,1145,311,384,"Centres",3
"makerth01","Thon Maker","C",20,"MIL",74,1238,312,385,"Centres",3
"marjabo01","Boban Marjanovi<U+0107>","C",29,"TOT",39,337,313,386,"Centres",4
"markkla01","Lauri Markkanen","PF",20,"CHI",68,2020,314,389,"Forwards",3
"martija01","Jarell Martin","PF",23,"MEM",73,1661,315,390,"Forwards",3
"masonfr01","Frank Mason III","PG",23,"SAC",52,984,316,391,"Guards",3
"mathima01","Mangok Mathiang","C",25,"CHO",4,20,317,392,"Centres",2
"matthwe02","Wesley Matthews","SF",31,"DAL",63,2131,318,393,"Forwards",3
"mbahalu01","Luc Mbah a Moute","PF",31,"HOU",61,1564,319,394,"Forwards",3
"mcadoja01","James Michael McAdoo","PF",25,"PHI",3,18,320,395,"Forwards",1
"mccawpa01","Patrick McCaw","SG",22,"GSW",57,961,321,396,"Guards",1
"mccolcj01","CJ McCollum","SG",26,"POR",81,2923,322,397,"Guards",3
"mccontj01","T.J. McConnell","PG",25,"PHI",76,1706,323,398,"Guards",3
"mccreer01","Erik McCree","SF",24,"UTA",4,8,324,399,"Forwards",1
"mcculch01","Chris McCullough","PF",22,"WAS",19,90,325,400,"Forwards",1
"mcderdo01","Doug McDermott","SF",26,"TOT",81,1768,326,401,"Forwards",3
"mcgeeja01","JaVale McGee","C",30,"GSW",65,615,327,404,"Centres",4
"mcgruro01","Rodney McGruder","SG",26,"MIA",18,299,328,405,"Guards",1
"mckinal01","Alfonzo McKinnie","SF",25,"TOR",14,53,330,407,"Forwards",1
"mclembe01","Ben McLemore","SG",24,"MEM",56,1091,331,408,"Guards",3
"mcrobjo01","Josh McRoberts","PF",30,"DAL",2,6,332,409,"Forwards",1
"meeksjo01","Jodie Meeks","SG",30,"WAS",77,1119,333,410,"Guards",3
"mejrisa01","Salah Mejri","C",31,"DAL",61,729,334,411,"Centres",4
"mickejo01","Jordan Mickey","PF",23,"MIA",23,284,335,412,"Forwards",3
"middlkh01","Khris Middleton","SF",26,"MIL",82,2982,336,413,"Forwards",3
"milescj01","C.J. Miles","SF",30,"TOR",70,1337,337,414,"Forwards",3
"milleda01","Darius Miller","SF",27,"NOP",82,1944,338,415,"Forwards",3
"millema01","Malcolm Miller","SF",24,"TOR",15,126,339,416,"Forwards",1
"millspa02","Patty Mills","PG",29,"SAS",82,2107,340,417,"Guards",3
"millspa01","Paul Millsap","PF",32,"DEN",38,1143,341,418,"Forwards",3
"mirotni01","Nikola Miroti<U+0107>","PF",26,"TOT",55,1494,342,419,"Forwards",3
"mitchdo01","Donovan Mitchell","SG",21,"UTA",79,2638,343,422,"Guards",3
"mitrona01","Naz Mitrou-Long","SG",24,"UTA",1,1,344,423,"Guards",2
"monkma01","Malik Monk","SG",19,"CHO",63,854,345,424,"Guards",3
"monrogr01","Greg Monroe","C",27,"TOT",51,1040,346,425,"Centres",4
"montelu01","Luis Montero","SG",24,"DET",2,8,347,429,"Guards",1
"mooreet01","E'Twaun Moore","SG",28,"NOP",82,2586,349,431,"Guards",3
"moreler01","Eric Moreland","PF",26,"DET",67,805,350,432,"Forwards",3
"morrija01","Jaylen Morris","SG",22,"ATL",6,98,351,433,"Guards",1
"morrima03","Marcus Morris","PF",28,"BOS",54,1442,352,434,"Forwards",3
"morrima02","Markieff Morris","PF",28,"WAS",73,1968,353,435,"Forwards",3
"morrimo01","Monte Morris","PG",22,"DEN",3,25,354,436,"Guards",1
"motlejo01","Johnathan Motley","PF",22,"DAL",11,176,355,437,"Forwards",3
"mozgoti01","Timofey Mozgov","C",31,"BRK",31,359,356,438,"Centres",1
"mudiaem01","Emmanuel Mudiay","PG",21,"TOT",64,1245,357,439,"Guards",3
"muhamsh01","Shabazz Muhammad","SF-SG",25,"TOT",43,418,358,442,"Forwards",3
"munfoxa02","Xavier Munford","SG",25,"MIL",6,21,359,445,"Guards",1
"murrade01","Dejounte Murray","PG",21,"SAS",81,1743,360,446,"Guards",3
"murraja01","Jamal Murray","PG",20,"DEN",81,2565,361,447,"Guards",3
"muscami01","Mike Muscala","C",26,"ATL",53,1060,362,448,"Centres",3
"naderab01","Abdel Nader","SF",24,"BOS",48,522,363,449,"Forwards",3
"nancela02","Larry Nance Jr.","C",25,"TOT",66,1421,364,450,"Centres",3
"napiesh01","Shabazz Napier","PG",26,"POR",74,1535,365,453,"Guards",3
"nelsoja01","Jameer Nelson","PG",35,"TOT",50,1013,366,454,"Guards",3
"netora01","Raul Neto","PG",25,"UTA",41,498,367,457,"Guards",3
"niangge01","Georges Niang","PF",24,"UTA",9,32,368,458,"Forwards",1
"noahjo01","Joakim Noah","C",32,"NYK",7,40,369,459,"Centres",2
"noelne01","Nerlens Noel","C",23,"DAL",30,472,370,460,"Centres",3
"noguelu01","Lucas Nogueira","C",25,"TOR",49,418,371,461,"Centres",4
"nowitdi01","Dirk Nowitzki*","C",39,"DAL",77,1900,372,462,"Centres",3
"ntilila01","Frank Ntilikina","PG",19,"NYK",78,1706,373,463,"Guards",3
"nurkiju01","Jusuf Nurki<U+0107>","C",23,"POR",79,2088,374,464,"Centres",3
"nwabada01","David Nwaba","SG",25,"CHI",70,1646,375,465,"Guards",3
"obryajo01","Johnny O'Bryant","PF",24,"CHO",36,379,376,466,"Forwards",3
"onealro01","Royce O'Neale","SF",24,"UTA",69,1150,377,467,"Forwards",3
"oquinky01","Kyle O'Quinn","C",27,"NYK",77,1387,378,468,"Centres",4
"ojelese01","Semi Ojeleye","PF",23,"BOS",73,1150,379,469,"Forwards",3
"okafoem01","Emeka Okafor","C",35,"NOP",26,353,380,470,"Centres",4
"okafoja01","Jahlil Okafor","C",22,"TOT",28,353,381,471,"Centres",3
"oladivi01","Victor Oladipo","SG",25,"IND",75,2552,382,474,"Guards",3
"olynyke01","Kelly Olynyk","PF",26,"MIA",76,1779,383,475,"Forwards",3
"onuakch01","Chinanu Onuaku","C",21,"HOU",1,22,384,476,"Centres",1
"osmande01","Cedi Osman","SF",22,"CLE",61,672,385,477,"Forwards",3
"oubreke01","Kelly Oubre Jr.","SF",22,"WAS",81,2231,386,478,"Forwards",3
"pachuza01","Zaza Pachulia","C",33,"GSW",69,972,387,479,"Centres",4
"paigema01","Marcus Paige","PG",24,"CHO",5,28,388,480,"Guards",1
"papagge01","Georgios Papagiannis","C",20,"TOT",17,122,389,481,"Centres",3
"parkeja01","Jabari Parker","PF",22,"MIL",31,743,390,484,"Forwards",3
"parketo01","Tony Parker*","PG",35,"SAS",55,1071,391,485,"Guards",3
"parsoch01","Chandler Parsons","SF",29,"MEM",36,691,392,486,"Forwards",3
"pattepa01","Patrick Patterson","PF",28,"OKC",82,1270,393,487,"Forwards",3
"pattoju01","Justin Patton","C",20,"MIN",1,4,394,488,"Centres",2
"paulbr01","Brandon Paul","SG",26,"SAS",64,576,395,489,"Guards",3
"paulch01","Chris Paul","PG",32,"HOU",58,1847,396,490,"Guards",3
"paynead01","Adreian Payne","PF",26,"ORL",5,43,397,491,"Forwards",2
"payneca01","Cameron Payne","PG",23,"CHI",25,582,398,492,"Guards",3
"paytoel01","Elfrid Payton","PG",23,"TOT",63,1808,399,493,"Guards",3
"paytoga02","Gary Payton II","PG",25,"TOT",23,221,400,496,"Guards",1
"perkike01","Kendrick Perkins","C",33,"CLE",1,15,401,499,"Centres",1
"perralo01","London Perrantes","PG",23,"CLE",14,66,402,500,"Guards",1
"peteral01","Alec Peters","PF",22,"PHO",20,225,403,501,"Forwards",1
"plumlma02","Marshall Plumlee","C",25,"MIL",8,52,404,502,"Centres",2
"plumlma01","Mason Plumlee","C",27,"DEN",74,1439,405,503,"Centres",3
"plumlmi01","Miles Plumlee","C",29,"ATL",55,918,406,504,"Centres",3
"poeltja01","Jakob Poeltl","C",22,"TOR",82,1524,407,505,"Centres",4
"pondequ01","Quincy Pondexter","SF",29,"CHI",23,196,408,506,"Forwards",1
"porteot01","Otto Porter Jr.","SF",24,"WAS",77,2432,409,507,"Forwards",3
"portibo01","Bobby Portis","PF",22,"CHI",73,1643,410,508,"Forwards",3
"porzikr01","Kristaps Porzi<U+0146><U+0123>is","PF",22,"NYK",48,1553,411,509,"Forwards",3
"poweldw01","Dwight Powell","C",26,"DAL",79,1672,412,510,"Centres",3
"powelno01","Norman Powell","SG",24,"TOR",70,1062,413,511,"Guards",3
"poythal01","Alex Poythress","PF",24,"IND",25,104,414,512,"Forwards",1
"princta02","Taurean Prince","SF",23,"ATL",82,2464,415,513,"Forwards",3
"pulleja01","Jacob Pullen","PG",28,"PHI",3,6,416,514,"Guards",1
"purviro01","Rodney Purvis","SG",23,"ORL",16,290,417,515,"Guards",1
"qizh01","Zhou Qi","C",22,"HOU",18,124,418,516,"Centres",1
"quartti01","Tim Quarterman","SG",23,"HOU",3,13,419,517,"Guards",1
"rabbiv01","Ivan Rabb","PF",20,"MEM",36,516,420,518,"Forwards",4
"randlju01","Julius Randle","C",23,"LAL",82,2190,421,519,"Centres",4
"randoza01","Zach Randolph","PF",36,"SAC",59,1508,422,520,"Forwards",3
"rathaxa01","Xavier Rathan-Mayes","SG",23,"MEM",5,118,423,521,"Guards",1
"redicjj01","JJ Redick","SG",33,"PHI",70,2116,424,522,"Guards",3
"reedda01","Davon Reed","SG",22,"PHO",21,242,425,523,"Guards",3
"reedwi02","Willie Reed","C",27,"TOT",42,428,426,524,"Centres",4
"richajo01","Josh Richardson","SF",24,"MIA",81,2689,427,527,"Forwards",3
"richama01","Malachi Richardson","SG",22,"TOT",26,324,428,528,"Guards",1
"riverau01","Austin Rivers","SG",25,"LAC",61,2057,429,531,"Guards",3
"roberan03","Andre Roberson","SG",26,"OKC",39,1037,430,532,"Guards",3
"robinde01","Devin Robinson","SF",22,"WAS",1,13,431,533,"Forwards",2
"robingl02","Glenn Robinson III","SF",24,"IND",23,338,432,534,"Forwards",3
"rondora01","Rajon Rondo","PG",31,"NOP",65,1705,433,535,"Guards",3
"rosede01","Derrick Rose","PG",29,"TOT",25,420,434,536,"Guards",3
"rosste01","Terrence Ross","SG",26,"ORL",24,600,435,539,"Guards",3
"roziete01","Terry Rozier","PG",23,"BOS",80,2068,436,540,"Guards",3
"rubiori01","Ricky Rubio","PG",27,"UTA",77,2254,437,541,"Guards",3
"russeda01","D'Angelo Russell","PG",21,"BRK",48,1234,438,542,"Guards",3
"sabondo01","Domantas Sabonis","C",21,"IND",74,1810,439,543,"Centres",4
"sampsja02","JaKarr Sampson","SF",24,"SAC",22,344,440,544,"Forwards",3
"saricda01","Dario <U+0160>ari<U+0107>","PF",23,"PHI",78,2310,441,545,"Forwards",3
"satorto01","Tom<U+00E1><U+0161> Satoransk<U+00FD>","SG",26,"WAS",73,1643,442,546,"Guards",3
"schrode01","Dennis Schr<U+00F6>der","PG",24,"ATL",67,2078,443,547,"Guards",3
"scottmi01","Mike Scott","PF",29,"WAS",76,1406,444,548,"Forwards",3
"sefolth01","Thabo Sefolosha","SF",33,"UTA",38,806,445,549,"Forwards",3
"seldewa01","Wayne Selden","SG",23,"MEM",35,692,446,550,"Guards",3
"sessira01","Ramon Sessions","PG",31,"TOT",28,392,447,551,"Guards",3
"shumpim01","Iman Shumpert","SG",27,"CLE",14,276,448,554,"Guards",3
"siakapa01","Pascal Siakam","PF",23,"TOR",81,1679,449,555,"Forwards",3
"silasxa01","Xavier Silas","SG",30,"BOS",2,7,450,556,"Guards",1
"simmobe01","Ben Simmons","PG",21,"PHI",81,2732,451,557,"Guards",3
"simmojo02","Jonathon Simmons","SG",28,"ORL",69,2029,452,558,"Guards",3
"simmoko01","Kobi Simmons","PG",20,"MEM",32,643,453,559,"Guards",1
"singlky01","Kyle Singler","SF",29,"OKC",12,59,454,560,"Forwards",1
"smartma01","Marcus Smart","SG",23,"BOS",54,1614,455,561,"Guards",3
"smithde03","Dennis Smith Jr.","PG",20,"DAL",69,2049,456,562,"Guards",3
"smithis01","Ish Smith","PG",29,"DET",82,2043,457,563,"Guards",3
"smithjr01","J.R. Smith","SG",32,"CLE",80,2244,458,564,"Guards",3
"smithja02","Jason Smith","C",31,"WAS",33,285,459,565,"Centres",3
"smithjo03","Josh Smith","PF",32,"NOP",3,12,460,566,"Forwards",2
"snellto01","Tony Snell","SG",26,"MIL",75,2053,461,567,"Guards",3
"speigma01","Marreese Speights","C",30,"ORL",52,675,462,568,"Centres",3
"stausni01","Nik Stauskas","SG",24,"TOT",41,523,463,569,"Guards",3
"stephla01","Lance Stephenson","SG",27,"IND",82,1850,464,572,"Guards",3
"stockda01","David Stockton","PG",26,"UTA",3,9,465,573,"Guards",2
"stoneju01","Julyan Stone","SG",29,"CHO",23,175,466,574,"Guards",1
"sumneed01","Edmond Sumner","PG",22,"IND",1,2,467,575,"Guards",2
"swanica01","Caleb Swanigan","PF",20,"POR",27,189,468,576,"Forwards",1
"tatumja01","Jayson Tatum","SF",19,"BOS",80,2443,469,577,"Forwards",3
"taylois01","Isaiah Taylor","PG",23,"ATL",67,1167,470,578,"Guards",3
"teaguje01","Jeff Teague","PG",29,"MIN",70,2311,471,579,"Guards",3
"teaguma01","Marquis Teague","PG",24,"MEM",3,74,472,580,"Guards",1
"teletmi01","Mirza Teletovi<U+0107>","PF",32,"MIL",10,159,473,581,"Forwards",1
"templga01","Garrett Temple","SG",31,"SAC",65,1615,474,582,"Guards",3
"teodomi01","Milo<U+0161> Teodosi<U+0107>","PG",30,"LAC",45,1134,475,583,"Guards",3
"terryja01","Jason Terry","SG",40,"MIL",51,814,476,584,"Guards",3
"theisda01","Daniel Theis","C",25,"BOS",63,936,477,585,"Centres",4
"thomais02","Isaiah Thomas","PG",28,"TOT",32,862,478,586,"Guards",3
"thomala01","Lance Thomas","PF",29,"NYK",73,1353,479,589,"Forwards",3
"thompkl01","Klay Thompson","SG",27,"GSW",73,2506,480,590,"Guards",3
"thomptr01","Tristan Thompson","C",26,"CLE",53,1072,481,591,"Centres",4
"thornsi01","Sindarius Thornwell","SG",23,"LAC",73,1156,482,592,"Guards",3
"tollian01","Anthony Tolliver","PF",32,"DET",79,1757,483,593,"Forwards",3
"townska01","Karl-Anthony Towns","C",22,"MIN",82,2918,484,594,"Centres",3
"tuckepj01","P.J. Tucker","PF",32,"HOU",82,2281,485,595,"Forwards",3
"turneev01","Evan Turner","SF",29,"POR",79,2034,486,596,"Forwards",3
"turnemy01","Myles Turner","C",21,"IND",65,1836,487,597,"Centres",3
"udohek01","Ekpe Udoh","C",30,"UTA",63,810,488,598,"Centres",4
"ulisty01","Tyler Ulis","PG",22,"PHO",71,1658,489,599,"Guards",3
"valanjo01","Jonas Valan<U+010D>i<U+016B>nas","C",25,"TOR",77,1727,490,600,"Centres",3
"valende01","Denzel Valentine","SG",24,"CHI",77,2095,491,601,"Guards",3
"vanvlfr01","Fred VanVleet","PG",23,"TOR",76,1520,492,602,"Guards",3
"vaughra01","Rashad Vaughn","SG",21,"TOT",28,212,493,603,"Guards",1
"vonleno01","Noah Vonleh","PF",22,"TOT",54,875,494,607,"Forwards",3
"vucevni01","Nikola Vu<U+010D>evi<U+0107>","C",27,"ORL",57,1683,495,610,"Centres",3
"wadedw01","Dwyane Wade*","SG",36,"TOT",67,1536,496,611,"Guards",3
"waitedi01","Dion Waiters","SG",26,"MIA",30,918,497,614,"Guards",3
"walkeke02","Kemba Walker","PG",27,"CHO",80,2736,498,615,"Guards",3
"walljo01","John Wall","PG",27,"WAS",41,1410,499,616,"Guards",3
"wallaty01","Tyrone Wallace","PG",23,"LAC",30,851,500,617,"Guards",3
"waltode01","Derrick Walton","PG",22,"MIA",16,147,501,618,"Guards",1
"warneja01","Jameel Warney","PF",24,"DAL",3,27,502,619,"Forwards",2
"warretj01","T.J. Warren","SF",24,"PHO",65,2142,503,620,"Forwards",3
"weartr01","Travis Wear","SF",27,"LAL",17,228,504,621,"Forwards",1
"webbja01","James Webb III","SF",24,"BRK",10,120,505,622,"Forwards",1
"weberbr01","Briante Weber","PG",25,"TOT",18,237,506,623,"Guards",3
"westda01","David West","C",37,"GSW",73,999,507,626,"Centres",4
"westbru01","Russell Westbrook","PG",29,"OKC",80,2914,508,627,"Guards",3
"whitean01","Andrew White","SF",24,"ATL",15,209,509,628,"Forwards",3
"whitede01","Derrick White","PG",23,"SAS",17,139,510,629,"Guards",1
"whiteok01","Okaro White","PF",25,"MIA",6,80,511,630,"Forwards",1
"whiteis01","Isaiah Whitehead","PG",22,"BRK",16,180,512,631,"Guards",1
"whiteha01","Hassan Whiteside","C",28,"MIA",54,1364,513,632,"Centres",4
"wiggian01","Andrew Wiggins","SF",22,"MIN",82,2979,514,633,"Forwards",3
"wileyja01","Jacob Wiley","PF",23,"BRK",5,33,515,634,"Forwards",1
"wilkida02","Damien Wilkins","SF",38,"IND",19,152,516,635,"Forwards",1
"willial03","Alan Williams","PF",25,"PHO",5,70,517,636,"Forwards",1
"willicj01","C.J. Williams","SG",27,"LAC",38,707,518,637,"Guards",3
"willide02","Derrick Williams","PF",26,"LAL",2,9,519,638,"Forwards",1
"willilo02","Lou Williams","SG",31,"LAC",79,2589,520,639,"Guards",3
"willima02","Marvin Williams","PF",31,"CHO",78,2006,521,640,"Forwards",3
"willima05","Matt Williams","SG",24,"MIA",3,11,522,641,"Guards",1
"willitr02","Troy Williams","SF",23,"TOT",21,307,523,642,"Forwards",3
"wilsodj01","D.J. Wilson","PF",21,"MIL",22,71,524,645,"Forwards",1
"wilsoja02","Jamil Wilson","SF",27,"LAC",15,274,525,646,"Forwards",1
"winslju01","Justise Winslow","PF",21,"MIA",68,1680,526,647,"Forwards",3
"witheje01","Jeff Withey","C",27,"DAL",9,39,527,648,"Centres",1
"woltena01","Nate Wolters","PG",26,"UTA",5,19,528,649,"Guards",1
"wrighbr03","Brandan Wright","PF",30,"TOT",28,381,529,650,"Forwards",4
"wrighde01","Delon Wright","PG",25,"TOR",69,1433,530,653,"Guards",3
"yabusgu01","Guerschon Yabusele","PF",22,"BOS",33,235,531,654,"Forwards",1
"youngja01","James Young","SG",22,"PHI",6,61,532,655,"Guards",1
"youngjo01","Joe Young","PG",25,"IND",53,558,533,656,"Guards",3
"youngni01","Nick Young","SG",32,"GSW",80,1393,534,657,"Guards",3
"youngth01","Thaddeus Young","PF",29,"IND",81,2607,535,658,"Forwards",3
"zelleco01","Cody Zeller","C",25,"CHO",33,627,536,659,"Centres",4
"zellety01","Tyler Zeller","C",28,"TOT",66,1109,537,660,"Centres",4
"zipsepa01","Paul Zipser","SF",23,"CHI",54,824,538,663,"Forwards",3
"zizican01","Ante <U+017D>i<U+017E>i<U+0107>","C",21,"CLE",32,214,539,664,"Centres",4
"zubaciv01","Ivica Zubac","C",20,"LAL",43,410,540,665,"Centres",4
