"variable","start","end","saved_draws","mean","sd","min","max"
"PER_theta3",4001,8000,200,0.356356783935535,0.0351307510052454,0.269303893140768,0.441227055888461
"PER_theta3",8001,12000,200,0.427210803847006,0.0610964129098708,0.301653029026991,0.607944212674157
"PER_theta3",12001,16000,200,0.379954418273615,0.0571217958240951,0.240990190613503,0.522788588719474
"PER_theta3",16001,18000,100,0.390675654478006,0.0357794550161158,0.297114693037627,0.485043148485921
"PER_theta3",18001,20000,100,0.295432548984323,0.0341579290863723,0.237423617083832,0.372875533705169
"PER_theta4",4001,8000,200,1.02420298381209,0.0459205313244572,0.871636441084276,1.1318841945589
"PER_theta4",8001,12000,200,1.13581918504613,0.0999444351657389,0.900708458716639,1.38725293783355
"PER_theta4",12001,16000,200,1.07185272961861,0.102646588392097,0.808023937036384,1.25407211222423
"PER_theta4",16001,18000,100,1.06618974904506,0.0769771125338261,0.896558061452488,1.19652052303758
"PER_theta4",18001,20000,100,0.910974951359502,0.0567833501591872,0.772924347814445,1.04673550849019
"OBPM_theta4",4001,8000,200,0.834228990349897,0.08056004606965,0.681264185612098,1.04340627376258
"OBPM_theta4",8001,12000,200,0.848133043742404,0.0896420018087985,0.637557915659071,1.0737301768101
"OBPM_theta4",12001,16000,200,0.860133357079414,0.0842071434024008,0.636301860049667,1.0721167392292
"OBPM_theta4",16001,18000,100,0.943825713039109,0.0333959335866295,0.847217838096668,1.03057219108197
"OBPM_theta4",18001,20000,100,0.857776888968053,0.0478562229020008,0.761140580031617,1.00277005631998
"AST%_theta4",4001,8000,200,0.958816034643614,0.107854450450209,0.764486692698452,1.26533661483178
"AST%_theta4",8001,12000,200,0.91039736065282,0.0877779790113945,0.689536063355422,1.11660680472161
"AST%_theta4",12001,16000,200,1.04305820288111,0.0888680525015142,0.868225655362153,1.31872123655021
"AST%_theta4",16001,18000,100,0.933782696925701,0.0627077831510031,0.792497914795851,1.07996944210724
"AST%_theta4",18001,20000,100,0.833714449212787,0.0825545776014988,0.678153227733627,1.01340811223096
