"window","variable","frequency","draws","mean","split_rhat","ess_bulk","ess_tail","mcse_mean","constant"
"all","K_plus","every iteration",16000,4.333625,1.73259272004065,1.54281918826132,,0.37961616499865,FALSE
"all","largest_group_fraction","every iteration",16000,0.621203910614525,1.03359108278825,14.621782485136,105.695054456251,0.00305453593682893,FALSE
"all","mean_edge_density","every iteration",16000,0.365074737405825,1.0316072816305,56.9766459973917,236.1785042383,0.00174871599663209,FALSE
"all","edge_PER--TS%","every iteration",16000,0.325271298882682,1.10919779697594,8.26412101615696,64.2198359944457,0.137698390035196,FALSE
"all","edge_PER--3PAr","every iteration",16000,0.878549697392924,1.00161992847999,82.6039644395372,,0.00580897233019256,FALSE
"all","edge_TS%--3PAr","every iteration",16000,0.356167830540037,1.00259928487624,25.4749434921989,33.9344608300794,0.0740055420117541,FALSE
"all","edge_PER--FTr","every iteration",16000,0.657613826815642,1.02296059400073,21.6385269855711,44.9163032000519,0.0142241060119527,FALSE
"all","edge_TS%--FTr","every iteration",16000,0.0857993482309125,1.00426906650431,1947.27825355651,750.933856873579,0.00434723017790457,FALSE
"all","edge_3PAr--FTr","every iteration",16000,0.34380854283054,1.119404051881,24.7838682694023,164.051356725178,0.0920818782057499,FALSE
"all","edge_PER--ORB%","every iteration",16000,0.170686452513966,1.10546525730998,12.4124133495775,66.7730951076688,0.0965571351207976,FALSE
"all","edge_TS%--ORB%","every iteration",16000,0.238856261638734,1.02962896739338,16.0973804947524,21.0578521843618,0.0935497846006019,FALSE
"all","edge_3PAr--ORB%","every iteration",16000,0.766521298882682,1.12785042325491,21.5094824892276,30.1056224602474,0.024281020150281,FALSE
"all","edge_FTr--ORB%","every iteration",16000,0.0524368016759777,1.00064520600537,864.204151589956,465.413287598058,0.00369842765475213,FALSE
"all","edge_PER--DRB%","every iteration",16000,0.147108472998138,1.00028587491664,138.12114225544,215.746811054059,0.0267170848245685,FALSE
"all","edge_TS%--DRB%","every iteration",16000,0.112488826815642,1.00510531341595,88.3816522024469,184.201912416991,0.032307764989376,FALSE
"all","edge_3PAr--DRB%","every iteration",16000,0.264291433891993,1.00335120521833,87.8802425366291,123.008280696409,0.0380023744859502,FALSE
"all","edge_FTr--DRB%","every iteration",16000,0.0320611033519553,1.00697549586805,1647.48157368285,313.132605038375,0.00157219350495372,FALSE
"all","edge_ORB%--DRB%","every iteration",16000,0.862834729981378,1.02329155253005,27.1190355012416,200.3442592278,0.00469949321582437,FALSE
"all","edge_PER--TRB%","every iteration",16000,0.637883379888268,1.00382578058934,47.9184297527326,10.5585892003119,0.0419086955519192,FALSE
"all","edge_TS%--TRB%","every iteration",16000,0.133640479515829,0.999948456594754,68.9467535984788,107.021551303905,0.0372443116869342,FALSE
"all","edge_3PAr--TRB%","every iteration",16000,0.255800046554935,1.06418291705746,53.9732394229669,104.081655916475,0.0771377196623165,FALSE
"all","edge_FTr--TRB%","every iteration",16000,0.0343705772811918,1.00321667910819,1123.91941875879,346.279534256954,0.00453558782908019,FALSE
"all","edge_ORB%--TRB%","every iteration",16000,0.960562383612663,1.03480655617883,111.565681947994,,0.00335321943916894,FALSE
"all","edge_DRB%--TRB%","every iteration",16000,0.997429352886406,1.19360522808937,3.57266167130953,,0.00155248146464971,FALSE
"all","edge_PER--AST%","every iteration",16000,0.83871322160149,1.05720183574061,15.2982340263842,89.3680170019163,0.00563147203476545,FALSE
"all","edge_TS%--AST%","every iteration",16000,0.824212639664805,1.02664691033039,31.4069456284817,117.230090067665,0.00885495171746543,FALSE
"all","edge_3PAr--AST%","every iteration",16000,0.452387918994413,1.16691750424484,4.66220356880948,36.8656108743572,0.177168317665667,FALSE
"all","edge_FTr--AST%","every iteration",16000,0.0689533286778398,1.0002573944304,973.488612438029,166.670356490267,0.0065180414208805,FALSE
"all","edge_ORB%--AST%","every iteration",16000,0.499026652700186,1.19246331149198,4.41053802620152,5.02857592589404,0.165878054685376,FALSE
"all","edge_DRB%--AST%","every iteration",16000,0.181876629422719,1.00653906121978,353.533413001114,745.416382256471,0.0109858644529728,FALSE
"all","edge_TRB%--AST%","every iteration",16000,0.631372090316574,1.04623047851869,12.5047706715902,8.84574747552817,0.106266780720267,FALSE
"all","edge_PER--STL%","every iteration",16000,0.655652816573557,1.00381408776143,48.9779435478329,114.877963257176,0.00270516765045026,FALSE
"all","edge_TS%--STL%","every iteration",16000,0.132385707635009,1.07307586006405,180.353055436619,43.9017278418685,0.00850524443976119,FALSE
"all","edge_3PAr--STL%","every iteration",16000,0.0756657355679702,1.0033732703691,592.093052060188,344.348759343502,0.00760714107444108,FALSE
"all","edge_FTr--STL%","every iteration",16000,0.0319440176908752,1.01149665588651,170.645446369157,30.2325864318707,0.0023432239215821,FALSE
"all","edge_ORB%--STL%","every iteration",16000,0.0752169459962756,1.00460059688291,492.206784052109,485.357897896249,0.00795251770121361,FALSE
"all","edge_DRB%--STL%","every iteration",16000,0.405293063314711,1.06085258346696,74.7384378214698,105.111115324673,0.0403394113585526,FALSE
"all","edge_TRB%--STL%","every iteration",16000,0.362728002793296,1.0216558174054,82.0423997622715,147.222976813328,0.0391392842095552,FALSE
"all","edge_AST%--STL%","every iteration",16000,0.244340083798883,1.00316421173066,149.083326759513,167.615614027576,0.00292889003998383,FALSE
"all","edge_PER--BLK%","every iteration",16000,0.680528980446927,1.0086014473515,196.795298393906,191.038372219543,0.00290716519977081,FALSE
"all","edge_TS%--BLK%","every iteration",16000,0.0940804236499069,1.00237354621878,287.093444246909,234.276469731523,0.0142058500436884,FALSE
"all","edge_3PAr--BLK%","every iteration",16000,0.163867900372439,1.02561549074623,38.5024876447008,106.703858153238,0.0627498318210486,FALSE
"all","edge_FTr--BLK%","every iteration",16000,0.0563361266294227,1.00299275740606,3203.2551631079,1905.46245276757,0.00180637982743978,FALSE
"all","edge_ORB%--BLK%","every iteration",16000,0.374438663873371,1.17300803093751,19.8865010995029,140.551822130406,0.113846678607414,FALSE
"all","edge_DRB%--BLK%","every iteration",16000,0.0875143156424581,1.00565078079057,451.89575664306,55.2625969413398,0.00978917168847718,FALSE
"all","edge_TRB%--BLK%","every iteration",16000,0.181960544692737,1.01242020654346,60.2369477409296,76.4826376247018,0.06894276206274,FALSE
"all","edge_AST%--BLK%","every iteration",16000,0.709180167597765,1.0432931098917,33.1523042298433,272.904249172239,0.00403710937820875,FALSE
"all","edge_STL%--BLK%","every iteration",16000,0.640738477653631,1.01394634776336,35.6507645551315,102.279844953747,0.00191655769173482,FALSE
"all","edge_PER--TOV%","every iteration",16000,0.247142923649907,1.04340733148303,17.2212065315029,33.7176772719599,0.100515666893416,FALSE
"all","edge_TS%--TOV%","every iteration",16000,0.919625116387337,1.0122962195152,76.3943448583504,70.1974068321127,0.00828618193095905,FALSE
"all","edge_3PAr--TOV%","every iteration",16000,0.27290270018622,1.08431882331261,9.98627187071332,10.3827585921842,0.0749814566051659,FALSE
"all","edge_FTr--TOV%","every iteration",16000,0.307373254189944,1.01902293901282,159.475874039762,683.749649007393,0.0228964985569001,FALSE
"all","edge_ORB%--TOV%","every iteration",16000,0.319931447858473,1.23749145452907,4.53318960385154,11.2866654253719,0.178710734499639,FALSE
"all","edge_DRB%--TOV%","every iteration",16000,0.114968226256983,1.03308103988331,90.8131631973714,23.8698556446229,0.0207322001956453,FALSE
"all","edge_TRB%--TOV%","every iteration",16000,0.222518738361266,1.02205078511816,43.6874604732676,17.0998843548211,0.053053890215461,FALSE
"all","edge_AST%--TOV%","every iteration",16000,0.854342644320298,1.01362662465403,131.022597165079,142.670476737359,0.00575543207316827,FALSE
"all","edge_STL%--TOV%","every iteration",16000,0.0328512569832402,1.02067284691674,50.8524261577016,24.7462673947388,0.00235818897180256,FALSE
"all","edge_BLK%--TOV%","every iteration",16000,0.595890130353818,1.12381167016272,20.1306187422682,27.433031178435,0.0539645304381955,FALSE
"all","edge_PER--USG%","every iteration",16000,0.929704608938547,1.021991408736,175.235747149784,,0.00469399624562457,FALSE
"all","edge_TS%--USG%","every iteration",16000,0.0711837756052141,1.00162936348349,713.479938658392,299.958139275051,0.00708093218817221,FALSE
"all","edge_3PAr--USG%","every iteration",16000,0.0658283286778398,1.00983674019781,241.55406440749,61.2820961528633,0.0120081890583356,FALSE
"all","edge_FTr--USG%","every iteration",16000,0.0283435754189944,1.00633610114427,2281.46676095262,74.1663004939492,0.00133942052011809,FALSE
"all","edge_ORB%--USG%","every iteration",16000,0.137276536312849,1.00183946101494,32.8946217499004,48.0949489725924,0.0514541653760714,FALSE
"all","edge_DRB%--USG%","every iteration",16000,0.168975558659218,1.00935064609703,274.920943224444,521.724619509326,0.0160570050508023,FALSE
"all","edge_TRB%--USG%","every iteration",16000,0.621246857541899,1.02890645849228,22.2939423802868,10.5250871406673,0.0399009470768503,FALSE
"all","edge_AST%--USG%","every iteration",16000,0.146107076350093,1.07300638301476,187.965582311808,66.829816439974,0.0177567581914982,FALSE
"all","edge_STL%--USG%","every iteration",16000,0.0521898277467412,1.08956810309262,8.55488604270192,4.1117461920149,0.00411013073908521,FALSE
"all","edge_BLK%--USG%","every iteration",16000,0.0497420856610801,1.00662054470186,731.256355915262,346.916306926917,0.00443382108728305,FALSE
"all","edge_TOV%--USG%","every iteration",16000,0.536870228119181,1.09852732339285,12.2935464464565,4.07088123231947,0.114346315538895,FALSE
"all","edge_PER--OWS","every iteration",16000,0.689642225325884,1.00158079584758,120.706850365252,151.836846205769,0.0045941024665029,FALSE
"all","edge_TS%--OWS","every iteration",16000,0.664214501862197,1.00271378216335,78.6158114730062,126.006600386564,0.00263009521191287,FALSE
"all","edge_3PAr--OWS","every iteration",16000,0.282539455307263,1.06068286305171,12.5994685074955,23.9592650175221,0.100878690760012,FALSE
"all","edge_FTr--OWS","every iteration",16000,0.0413966480446927,1.00926130002109,1329.71402153935,55.008112256464,0.00300838483404928,FALSE
"all","edge_ORB%--OWS","every iteration",16000,0.209345204841713,1.04752901760592,31.0214415306766,35.117628898496,0.0521538608302048,FALSE
"all","edge_DRB%--OWS","every iteration",16000,0.180511755121043,1.04123906781306,40.0859712518766,34.3739472857131,0.0482399438468268,FALSE
"all","edge_TRB%--OWS","every iteration",16000,0.629009194599628,1.00101152354396,36.965691090901,33.2720388066099,0.0266253482073103,FALSE
"all","edge_AST%--OWS","every iteration",16000,0.185362895716946,1.09127133195439,8.09904023119475,21.2090239472471,0.132243878044416,FALSE
"all","edge_STL%--OWS","every iteration",16000,0.199655493482309,1.00519868634032,193.628815190841,232.69259841445,0.0183306300330723,FALSE
"all","edge_BLK%--OWS","every iteration",16000,0.101648626629423,0.999986916809273,468.414759398437,515.052500284223,0.00606945056845141,FALSE
"all","edge_TOV%--OWS","every iteration",16000,0.708700186219739,1.00800257337302,41.8686942389519,189.124222317457,0.0127197301184402,FALSE
"all","edge_USG%--OWS","every iteration",16000,0.656620460893855,1.00226651820378,84.9240191759665,137.083471063072,0.00205714033041425,FALSE
"all","edge_PER--DWS","every iteration",16000,0.743482425512104,1.04286107289414,40.504913713384,101.340864870809,0.0383189077187039,FALSE
"all","edge_TS%--DWS","every iteration",16000,0.427380353817505,1.00261131334501,110.810259861914,139.918326107144,0.0316740301753204,FALSE
"all","edge_3PAr--DWS","every iteration",16000,0.141971485102421,1.00246801508437,72.2973384198393,116.675509225857,0.0339734427683988,FALSE
"all","edge_FTr--DWS","every iteration",16000,0.052681447858473,1.00871722817033,1959.39557599731,73.1952881871253,0.00187254320432368,FALSE
"all","edge_ORB%--DWS","every iteration",16000,0.160314013035382,1.00384778800848,94.3074561022099,159.699167317149,0.0286523836955621,FALSE
"all","edge_DRB%--DWS","every iteration",16000,0.569179702048417,1.00495397904341,44.5825851862268,53.1984163994891,0.0378654963634407,FALSE
"all","edge_TRB%--DWS","every iteration",16000,0.197934124767225,1.00044218463616,70.4671299235504,127.237238383372,0.0376372520902272,FALSE
"all","edge_AST%--DWS","every iteration",16000,0.0718703445065177,1.00571277535246,580.473731392301,300.318330718254,0.00818167568809427,FALSE
"all","edge_STL%--DWS","every iteration",16000,0.0977917830540037,1.00119986777927,358.728187726963,333.674056856748,0.0153631186935283,FALSE
"all","edge_BLK%--DWS","every iteration",16000,0.28802094972067,1.00105083492585,158.959676265038,75.5640574031284,0.0101281052813997,FALSE
"all","edge_TOV%--DWS","every iteration",16000,0.115635125698324,1.02579293334544,41.563591142958,66.7652148282247,0.0400901605541389,FALSE
"all","edge_USG%--DWS","every iteration",16000,0.650485684357542,1.00116261164678,47.0854498025063,107.226058224127,0.00172956449826686,FALSE
"all","edge_OWS--DWS","every iteration",16000,0.804521648044693,1.04782724560189,22.728774173284,90.0084858896896,0.00787558338140685,FALSE
"all","edge_PER--WS/48","every iteration",16000,0.761249185288641,1.09172405970872,8.09449238176665,,0.0800509055879531,FALSE
"all","edge_TS%--WS/48","every iteration",16000,0.44295449255121,1.0147359328808,88.4129736038501,204.863773045798,0.0228851766061084,FALSE
"all","edge_3PAr--WS/48","every iteration",16000,0.188366270949721,1.00996540149782,59.1603422832604,54.2665347142012,0.0410979083409395,FALSE
"all","edge_FTr--WS/48","every iteration",16000,0.0755670391061452,1.00001932815631,1042.70489831426,739.267873342045,0.00658969504246703,FALSE
"all","edge_ORB%--WS/48","every iteration",16000,0.218791783054004,1.13037402412874,13.2085539500676,27.5253545247187,0.0969396734530775,FALSE
"all","edge_DRB%--WS/48","every iteration",16000,0.425198905959032,1.04055981534499,20.6626019007998,28.0646657651168,0.0665131007043245,FALSE
"all","edge_TRB%--WS/48","every iteration",16000,0.480995926443203,1.03362472071052,15.4457351894329,22.6433480546128,0.0715910390595578,FALSE
"all","edge_AST%--WS/48","every iteration",16000,0.323014199255121,1.01435527550589,27.175247358546,30.4274107300554,0.0793867792186441,FALSE
"all","edge_STL%--WS/48","every iteration",16000,0.639358123836127,1.01219118034954,61.2125898078161,115.728930213553,0.0128291722379637,FALSE
"all","edge_BLK%--WS/48","every iteration",16000,0.721696229050279,1.01319329439598,57.146324550207,97.9765029149764,0.00780300902699438,FALSE
"all","edge_TOV%--WS/48","every iteration",16000,0.253074953445065,1.01061365133415,71.5241749974763,51.9576080127368,0.0156837992361856,FALSE
"all","edge_USG%--WS/48","every iteration",16000,0.398192970204842,1.01195578089841,84.0971756491346,192.682005804749,0.0254957991292723,FALSE
"all","edge_OWS--WS/48","every iteration",16000,0.844578095903166,1.01153746564001,53.5501228586379,79.5827355200864,0.00573318798686623,FALSE
"all","edge_DWS--WS/48","every iteration",16000,0.195417015828678,1.01440082072716,287.212911401997,185.596403722223,0.0138821540450775,FALSE
"all","edge_PER--OBPM","every iteration",16000,0.991896997206704,1.2963863986003,2.59853237334119,,0.00293293027999143,FALSE
"all","edge_TS%--OBPM","every iteration",16000,0.567014897579143,1.03426083661385,53.3896301691291,132.226591885187,0.0536008954019384,FALSE
"all","edge_3PAr--OBPM","every iteration",16000,0.891033170391061,1.03102724150491,40.1723653935438,,0.00361034316748491,FALSE
"all","edge_FTr--OBPM","every iteration",16000,0.507722067039106,1.10549783008835,66.7701018116508,34.1628897759096,0.0404760846452655,FALSE
"all","edge_ORB%--OBPM","every iteration",16000,0.0570366620111732,1.00496114332608,705.528704984836,127.591984331994,0.00504721978786789,FALSE
"all","edge_DRB%--OBPM","every iteration",16000,0.136724860335196,1.00028723451657,144.120974047682,207.924028195177,0.0249788078479557,FALSE
"all","edge_TRB%--OBPM","every iteration",16000,0.0946727188081937,1.01444982403371,184.863048423108,141.814385937554,0.0179499391673812,FALSE
"all","edge_AST%--OBPM","every iteration",16000,0.144256983240223,1.00085369903247,80.7861336859327,144.659207516526,0.0328718105314214,FALSE
"all","edge_STL%--OBPM","every iteration",16000,0.0770522579143389,1.00123637955187,806.022184906211,451.659328098991,0.00691831246803491,FALSE
"all","edge_BLK%--OBPM","every iteration",16000,0.079397229981378,1.00001347662549,660.626865788474,576.381088702018,0.00662060271752526,FALSE
"all","edge_TOV%--OBPM","every iteration",16000,0.578840083798883,1.05435682619972,20.6418045525086,53.0273896184951,0.0796785464520242,FALSE
"all","edge_USG%--OBPM","every iteration",16000,0.269620693668529,1.0028562452112,80.212028388677,234.60920381321,0.0377554960431587,FALSE
"all","edge_OWS--OBPM","every iteration",16000,0.127390363128492,1.0077046836312,157.984108571257,218.558188420965,0.0191905611349595,FALSE
"all","edge_DWS--OBPM","every iteration",16000,0.712106145251397,1.0278197923924,72.8049638383079,115.087760823492,0.00598580394653952,FALSE
"all","edge_WS/48--OBPM","every iteration",16000,0.430163640595903,1.00759524728493,52.4913764630014,105.724594329284,0.0579950573261653,FALSE
"all","edge_PER--DBPM","every iteration",16000,0.108015712290503,1.00291761962634,232.147631041447,281.032865629827,0.0165749297303354,FALSE
"all","edge_TS%--DBPM","every iteration",16000,0.0696312849162011,1.00867238648785,926.0551540115,64.368208279142,0.00516875113195896,FALSE
"all","edge_3PAr--DBPM","every iteration",16000,0.105112313780261,1.00342503181054,219.604525010467,89.5002449251742,0.00761659797657636,FALSE
"all","edge_FTr--DBPM","every iteration",16000,0.0540456238361266,1.00636474559949,1361.57524437542,293.139016739602,0.00220155342479293,FALSE
"all","edge_ORB%--DBPM","every iteration",16000,0.369389432029795,1.02901189100224,24.4637544229959,31.750533801406,0.0674370444250457,FALSE
"all","edge_DRB%--DBPM","every iteration",16000,0.10615782122905,1.09048302661994,8.1794789759109,8.10873031367523,0.00975441781657298,FALSE
"all","edge_TRB%--DBPM","every iteration",16000,0.0894675279329609,1.02061796238812,167.060002851243,130.536235035915,0.0106400405877539,FALSE
"all","edge_AST%--DBPM","every iteration",16000,0.135208915270019,1.0070057422635,46.7069115943647,132.761702299359,0.00757037372992577,FALSE
"all","edge_STL%--DBPM","every iteration",16000,0.945629771880819,1.06786461385489,25.863303764358,277.15186583625,0.00181141446873569,FALSE
"all","edge_BLK%--DBPM","every iteration",16000,0.743997090316574,1.01991594155277,58.8712384370678,180.331459622259,0.0112171657218454,FALSE
"all","edge_TOV%--DBPM","every iteration",16000,0.152620926443203,1.05785186914132,10.5341466828562,14.5769880662683,0.106760443258185,FALSE
"all","edge_USG%--DBPM","every iteration",16000,0.765121624767225,1.01228631170235,102.764462323817,343.279310212506,0.00912243186747983,FALSE
"all","edge_OWS--DBPM","every iteration",16000,0.687326117318436,1.0506736825352,22.1424854727387,112.059605323355,0.00975967452404941,FALSE
"all","edge_DWS--DBPM","every iteration",16000,0.462427723463687,1.00550024110171,63.5372546736827,134.398748055906,0.0434737188247932,FALSE
"all","edge_WS/48--DBPM","every iteration",16000,0.742336126629423,1.02413682992348,123.893166717577,219.61466560821,0.00756871345151782,FALSE
"all","edge_OBPM--DBPM","every iteration",16000,0.701464967411546,1.08765888492232,10.49779330984,145.926822820626,0.0180450512582248,FALSE
"all","edge_PER--VORP","every iteration",16000,0.473534334264432,1.05020982857503,18.4136861636445,175.162423244891,0.0926490241065654,FALSE
"all","edge_TS%--VORP","every iteration",16000,0.159258961824953,1.04477772258227,21.1312267942436,25.2334030604534,0.0638657959514868,FALSE
"all","edge_3PAr--VORP","every iteration",16000,0.242424813780261,1.00560918845333,19.9044811772742,48.7706607835434,0.0773124971410435,FALSE
"all","edge_FTr--VORP","every iteration",16000,0.0421139432029795,1.00251562456896,575.243052742352,253.37983775795,0.00503494183380102,FALSE
"all","edge_ORB%--VORP","every iteration",16000,0.256473580074488,1.11456459798113,11.1349757329702,11.1106771683302,0.104458473263663,FALSE
"all","edge_DRB%--VORP","every iteration",16000,0.0412659450651769,1.0109201263119,522.685925019504,113.398020751904,0.00612561536907876,FALSE
"all","edge_TRB%--VORP","every iteration",16000,0.0621649208566108,1.00605827943586,269.727910643081,116.532485379336,0.0121724047393809,FALSE
"all","edge_AST%--VORP","every iteration",16000,0.640192970204842,1.00382048179835,88.7847785505801,18.1959301501605,0.0216974830112835,FALSE
"all","edge_STL%--VORP","every iteration",16000,0.0795872905027933,1.00022546519769,413.061946539674,321.631577670242,0.00603749403606423,FALSE
"all","edge_BLK%--VORP","every iteration",16000,0.0942859636871508,1.01177432993088,161.140870069755,48.1244444460259,0.0165369082731376,FALSE
"all","edge_TOV%--VORP","every iteration",16000,0.0325649441340782,1.00503957788667,1327.90747006302,85.7965594001362,0.00219362767926867,FALSE
"all","edge_USG%--VORP","every iteration",16000,0.203914106145251,1.11992117491058,36.8414435269903,41.0406529883537,0.0474633690497658,FALSE
"all","edge_OWS--VORP","every iteration",16000,0.664743249534451,1.42518905700095,2.09551334500325,,0.235984241735206,FALSE
"all","edge_DWS--VORP","every iteration",16000,0.778197625698324,1.00092733724258,185.093573892435,68.0295568143197,0.00397535481593191,FALSE
"all","edge_WS/48--VORP","every iteration",16000,0.2348125,1.13456667948596,6.57517140786064,9.41586290814048,0.115622043238106,FALSE
"all","edge_OBPM--VORP","every iteration",16000,0.861499068901304,1.08438668472552,10.7875633675387,175.103596450316,0.0119464174106221,FALSE
"all","edge_DBPM--VORP","every iteration",16000,0.770536429236499,1.04341584202023,47.5199435812356,213.484347955921,0.00798976974010242,FALSE
"all","PER_theta3","every 20 iterations",800,0.37664402694683,1.05597341247688,13.8617981763793,29.4144976796088,0.0168827879958693,FALSE
"all","PER_theta4","every 20 iterations",800,1.05511431216978,1.05962402714876,12.7866833598589,29.1701689678648,0.0296092051479866,FALSE
"all","TS%_theta3","every 20 iterations",800,0.234265147467787,1.01813484041312,16.7340100060539,41.533991420603,0.0131401493914223,FALSE
"all","TS%_theta4","every 20 iterations",800,0.714316844897558,1.01975761313339,13.8899874260831,28.9994718969156,0.0243102303902678,FALSE
"all","3PAr_theta3","every 20 iterations",800,0.133336627971546,1.29603351865643,3.04127023598572,35.2702349713661,0.0286100679957967,FALSE
"all","3PAr_theta4","every 20 iterations",800,0.552428995508921,1.30197681440838,2.6942882450904,26.5450649880073,0.0497612586587688,FALSE
"all","FTr_theta3","every 20 iterations",800,0.173164645808606,1.04689799522537,20.6476114791122,48.7862049353321,0.00987046547790968,FALSE
"all","FTr_theta4","every 20 iterations",800,0.666035613082792,1.00595377678856,30.9719021471282,81.3468537505739,0.0126276701058207,FALSE
"all","ORB%_theta3","every 20 iterations",800,0.349387961292189,1.01751123225179,29.5151099648486,28.0960795842989,0.0131837937025826,FALSE
"all","ORB%_theta4","every 20 iterations",800,1.30175078757887,1.06711922586894,17.6151888671932,19.3373152936537,0.0402273149724531,FALSE
"all","DRB%_theta3","every 20 iterations",800,0.352834430763053,1.13043077101529,6.30741745953521,26.1981014748005,0.028415301955762,FALSE
"all","DRB%_theta4","every 20 iterations",800,1.06705158178013,1.08247934023314,10.1192401532651,36.5935277605243,0.0403942620286376,FALSE
"all","TRB%_theta3","every 20 iterations",800,0.466797516514525,1.01493278424003,19.5080254935153,51.9460396365796,0.015504175098354,FALSE
"all","TRB%_theta4","every 20 iterations",800,1.44310108757957,1.02555039803432,21.1507206280837,24.0820310024462,0.0316649911280636,FALSE
"all","AST%_theta3","every 20 iterations",800,0.275208025606761,1.01545705466367,14.977009695649,49.7567718081847,0.0159629416361426,FALSE
"all","AST%_theta4","every 20 iterations",800,0.949005042811698,1.01957223787316,14.8866551077023,40.4737858531276,0.0291461689135898,FALSE
"all","STL%_theta3","every 20 iterations",800,0.242424816935946,1.12661883160119,13.5869093221756,37.6019795685115,0.011702936652753,FALSE
"all","STL%_theta4","every 20 iterations",800,0.763399812675294,1.05851542153113,24.8943003769254,92.6468189852555,0.0175595121373428,FALSE
"all","BLK%_theta3","every 20 iterations",800,0.307703295428858,0.999773384574058,17.3463202510157,68.0541501508677,0.0142016493096621,FALSE
"all","BLK%_theta4","every 20 iterations",800,0.837934760568112,1.0068588439364,14.6620670040653,51.710779465764,0.0259362511444196,FALSE
"all","TOV%_theta3","every 20 iterations",800,0.246331091114836,1.18260906338368,4.77174693672145,48.8888622776922,0.0218415177597272,FALSE
"all","TOV%_theta4","every 20 iterations",800,0.805138819733818,1.2528481817966,3.36527024586616,34.2113386150838,0.0479140178268032,FALSE
"all","USG%_theta3","every 20 iterations",800,0.31157996387912,1.00229121730584,35.6451763265773,112.520148147914,0.00858923619855142,FALSE
"all","USG%_theta4","every 20 iterations",800,0.99514170582053,1.02703659243311,28.0373217229263,84.6542220448579,0.0163118758966926,FALSE
"all","OWS_theta3","every 20 iterations",800,0.928420139571206,1.11281594658922,11.3795399530794,12.0738698420944,0.0446510023389779,FALSE
"all","OWS_theta4","every 20 iterations",800,1.95903400740655,1.19554427423303,9.6844761417234,11.9239627721331,0.0866487351852867,FALSE
"all","DWS_theta3","every 20 iterations",800,0.30532752552271,1.06387867027527,24.9833129965185,88.0104097736208,0.0117846428690728,FALSE
"all","DWS_theta4","every 20 iterations",800,0.808211507462703,1.10806146938293,20.7687425186565,84.5961248891916,0.0214287559529679,FALSE
"all","WS/48_theta3","every 20 iterations",800,0.313859363865126,0.999339905612527,19.5743017069019,74.8332049825909,0.0132239817192168,FALSE
"all","WS/48_theta4","every 20 iterations",800,0.90719334004982,0.999911557169816,19.8608411807995,59.0281403358419,0.0211541022937945,FALSE
"all","OBPM_theta3","every 20 iterations",800,0.310592695070056,1.00472055829923,25.2009824225798,73.8235522879319,0.0105947651899223,FALSE
"all","OBPM_theta4","every 20 iterations",800,0.860824173043824,1.05388676764083,18.2371138119169,88.7030976737719,0.0198535416680761,FALSE
"all","DBPM_theta3","every 20 iterations",800,0.256361678397482,1.05783311768061,10.1738127957555,25.0661131030392,0.0193912567893185,FALSE
"all","DBPM_theta4","every 20 iterations",800,0.886136953950864,1.08437152816126,12.9600350197971,22.158831307442,0.0379804648552059,FALSE
"all","VORP_theta3","every 20 iterations",800,0.869647236157899,1.30896651861927,7.04593441560773,22.0306708763745,0.113177577059924,FALSE
"all","VORP_theta4","every 20 iterations",800,2.74838952203271,1.42688012882232,8.06244420260274,20.312540120369,0.264616976951779,FALSE
"all","weighted_mu_PER","every 20 iterations",800,0.0687917958741365,1.07247118267085,13.3274280188881,140.171947759799,0.0180401787565385,FALSE
"all","weighted_mu_TS%","every 20 iterations",800,-0.119997780292746,1.00409215241163,33.4046234335551,189.436813506903,0.0108279943537188,FALSE
"all","weighted_mu_3PAr","every 20 iterations",800,-0.174301168887357,1.12388774360186,7.29612754359916,54.1559232482842,0.0232030116300437,FALSE
"all","weighted_mu_FTr","every 20 iterations",800,-0.12690620326477,1.03488821763644,51.8132499796406,144.982072696756,0.0121820356888114,FALSE
"all","weighted_mu_ORB%","every 20 iterations",800,0.271870633598794,1.00579158165442,78.057081321388,439.594284041818,0.0114123320087576,FALSE
"all","weighted_mu_DRB%","every 20 iterations",800,0.0884640117789387,1.03515903049506,28.0163562721117,107.480507014676,0.014109010426099,FALSE
"all","weighted_mu_TRB%","every 20 iterations",800,0.257866828726071,1.00645547519106,60.3948340764846,168.281465992675,0.0115569083688921,FALSE
"all","weighted_mu_AST%","every 20 iterations",800,0.031214171167808,1.00707748962946,34.0127671380087,181.889026690296,0.0110296377767681,FALSE
"all","weighted_mu_STL%","every 20 iterations",800,-0.0932974636632776,0.999360651885626,221.459359921164,443.884458785312,0.00497100642405522,FALSE
"all","weighted_mu_BLK%","every 20 iterations",800,-0.101545646129165,1.00289760971812,117.087752469377,474.405049405254,0.00711216896154412,FALSE
"all","weighted_mu_TOV%","every 20 iterations",800,-0.0120135553746436,1.04723764910813,25.9383919913981,233.241365817717,0.0128067621494698,FALSE
"all","weighted_mu_USG%","every 20 iterations",800,0.0727884292352068,1.00059719699248,83.8470246103495,312.414360098657,0.00637393366729317,FALSE
"all","weighted_mu_OWS","every 20 iterations",800,0.496760125400589,1.10842118896497,12.9436124469693,14.954175151384,0.0339931997996739,FALSE
"all","weighted_mu_DWS","every 20 iterations",800,-0.0496928009834969,1.04866462788723,35.0752605630321,141.865237096964,0.0110608885847679,FALSE
"all","weighted_mu_WS/48","every 20 iterations",800,0.00618210880772614,1.00112597560689,49.8420680845549,208.499505547183,0.0090190766196925,FALSE
"all","weighted_mu_OBPM","every 20 iterations",800,-0.0788273010349657,1.00117856316083,131.914825979256,312.073919557464,0.00522726824337661,FALSE
"all","weighted_mu_DBPM","every 20 iterations",800,-0.00671678456000648,1.01439900622675,32.9056970453615,34.6774638143595,0.0118362176481919,FALSE
"all","weighted_mu_VORP","every 20 iterations",800,0.696680268531162,1.2348689100512,7.39970059733185,24.5228247804988,0.0963944939128387,FALSE
"all","weighted_precision_diag_PER","every 20 iterations",800,32.0581785958716,1.02025630011661,39.4123774945562,126.969055496528,0.651207265839225,FALSE
"all","weighted_precision_diag_TS%","every 20 iterations",800,9.45466135335347,1.06345715794931,18.0497918501836,38.7551580816077,0.380619721822066,FALSE
"all","weighted_precision_diag_3PAr","every 20 iterations",800,8.35859129270123,1.25668522436424,3.3825345150341,31.1335053869157,0.905882063005438,FALSE
"all","weighted_precision_diag_FTr","every 20 iterations",800,2.77414917376878,1.00982052986287,51.2365764559435,163.795006398504,0.0565789840361573,FALSE
"all","weighted_precision_diag_ORB%","every 20 iterations",800,5.86743245540909,1.0558239765793,25.8850212309287,124.306951419826,0.199927824410974,FALSE
"all","weighted_precision_diag_DRB%","every 20 iterations",800,15.0311620623403,1.02734347079848,55.9954115329604,171.940693591745,0.309793213619226,FALSE
"all","weighted_precision_diag_TRB%","every 20 iterations",800,21.9526856181772,1.03488176280572,37.8367756856383,85.5977867878386,0.542156303600601,FALSE
"all","weighted_precision_diag_AST%","every 20 iterations",800,5.45488802565603,1.00897862827894,13.5437348486816,40.6008106769814,0.269102106093473,FALSE
"all","weighted_precision_diag_STL%","every 20 iterations",800,3.82596942014956,1.01661615851239,44.8700975095417,174.256332714796,0.0905533542256136,FALSE
"all","weighted_precision_diag_BLK%","every 20 iterations",800,4.39616835915915,1.01494711213175,21.5506819344645,178.620779202051,0.16505604314116,FALSE
"all","weighted_precision_diag_TOV%","every 20 iterations",800,4.41121833983101,1.14093172998238,5.8836226935323,58.7886208036,0.289159265759389,FALSE
"all","weighted_precision_diag_USG%","every 20 iterations",800,5.6661101808958,1.00873839267374,39.0603883563362,194.531588651975,0.14272845833519,FALSE
"all","weighted_precision_diag_OWS","every 20 iterations",800,9.9978541778017,1.0213885403604,21.1471404428346,57.9468660270074,0.323163954790925,FALSE
"all","weighted_precision_diag_DWS","every 20 iterations",800,10.9102826900373,1.22877957890876,3.93588274720149,38.4173842996744,0.934410347966628,FALSE
"all","weighted_precision_diag_WS/48","every 20 iterations",800,18.6580645824663,1.00626211818429,33.1342544592478,86.2652666425719,0.460293493569234,FALSE
"all","weighted_precision_diag_OBPM","every 20 iterations",800,30.0777325025617,1.0516771569162,21.7148990996941,135.341061220877,0.995531408492941,FALSE
"all","weighted_precision_diag_DBPM","every 20 iterations",800,10.8556949719178,1.00756859400897,16.7187556393005,22.7960668659785,0.446291201783042,FALSE
"all","weighted_precision_diag_VORP","every 20 iterations",800,8.77108175184469,1.113587384207,10.1115310301395,28.6343425872465,0.570848941814102,FALSE
"half2","K_plus","every iteration",8000,4.000125,1,8004.00300200138,8004.00300200137,0.000124968738278319,FALSE
"half2","largest_group_fraction","every iteration",8000,0.623293761638734,1.26634933175413,3.00085606470951,43.0781645680339,0.00737370286910138,FALSE
"half2","mean_edge_density","every iteration",8000,0.36743310086294,1.00406168109055,53.2940615242285,407.534122348225,0.00180334689552516,FALSE
"half2","edge_PER--TS%","every iteration",8000,0.443991154562384,1.00509687754284,39.3801996494821,82.6235330754881,0.055205893244467,FALSE
"half2","edge_PER--3PAr","every iteration",8000,0.877844273743017,1.04949045494864,25.6710794753207,,0.00935276785188245,FALSE
"half2","edge_TS%--3PAr","every iteration",8000,0.327388268156425,1.32532079637703,2.74663346090366,4.60798846225427,0.218389863013291,FALSE
"half2","edge_PER--FTr","every iteration",8000,0.663803072625698,1.23450311341303,3.34552612462605,32.488568056932,0.0465649965734311,FALSE
"half2","edge_TS%--FTr","every iteration",8000,0.0793812849162011,1.0002759989356,1412.39036183617,896.148576510888,0.00538238793773206,FALSE
"half2","edge_3PAr--FTr","every iteration",8000,0.439579143389199,1.01152869959774,43.4940570185022,116.147123747309,0.0513789203341733,FALSE
"half2","edge_PER--ORB%","every iteration",8000,0.249139897579143,1.19064384746376,10.3870306863864,29.8690624693041,0.11891122959595,FALSE
"half2","edge_TS%--ORB%","every iteration",8000,0.295973230912477,1.38121475053972,2.21924272604782,2.11371794875278,0.247291971280986,FALSE
"half2","edge_3PAr--ORB%","every iteration",8000,0.74600907821229,1.00366814847066,67.5994899918991,161.428942249197,0.00144461851435088,FALSE
"half2","edge_FTr--ORB%","every iteration",8000,0.0562427839851024,1.01858397956334,194.667918540682,178.233422160645,0.00542250877647618,FALSE
"half2","edge_PER--DRB%","every iteration",8000,0.16726582867784,1.01167903011611,47.1257394900562,76.5449135219183,0.0461436633288411,FALSE
"half2","edge_TS%--DRB%","every iteration",8000,0.141455074487896,1.06944633097594,18.8263350056627,33.3495555287851,0.0736007106875345,FALSE
"half2","edge_3PAr--DRB%","every iteration",8000,0.265035381750466,1.01306289690373,44.7692361564961,50.7743337478873,0.0508073483422897,FALSE
"half2","edge_FTr--DRB%","every iteration",8000,0.0284206238361266,0.999951715693506,3955.67883870148,2426.92746915145,0.00134769435221359,FALSE
"half2","edge_ORB%--DRB%","every iteration",8000,0.868493947858473,1.14362702239671,5.36713754961696,31.8618052799395,0.0117509296477575,FALSE
"half2","edge_PER--TRB%","every iteration",8000,0.60364082867784,1.11392822661978,8.42500710209374,9.04651186718178,0.0806411969098932,FALSE
"half2","edge_TS%--TRB%","every iteration",8000,0.146835893854749,1.0417423141839,23.1130049160949,29.5048577754068,0.064949853622297,FALSE
"half2","edge_3PAr--TRB%","every iteration",8000,0.179070065176909,1.07017556573318,81.7026047053458,47.882321782975,0.0387015583788434,FALSE
"half2","edge_FTr--TRB%","every iteration",8000,0.0394175977653631,1.00012376810779,402.39747285555,255.385692926027,0.00874235298781132,FALSE
"half2","edge_ORB%--TRB%","every iteration",8000,0.964192271880819,1.01670925334006,141.213379255301,,0.00541597787137657,FALSE
"half2","edge_DRB%--TRB%","every iteration",8000,0.998751396648045,1.00078283518261,167.205246699977,,0.00102362200515052,FALSE
"half2","edge_PER--AST%","every iteration",8000,0.848461824953445,1.10002760323601,8.98527128275439,46.5637015344716,0.0058908791827812,FALSE
"half2","edge_TS%--AST%","every iteration",8000,0.828314013035382,1.16197864871152,5.12676031402704,22.2391551622017,0.0217417014750696,FALSE
"half2","edge_3PAr--AST%","every iteration",8000,0.601042132216015,1.00651727166846,48.3204587462499,34.1913538627479,0.0485942538363792,FALSE
"half2","edge_FTr--AST%","every iteration",8000,0.0835975325884544,1.00304235104695,355.858646778317,341.154914641904,0.0111781011608158,FALSE
"half2","edge_ORB%--AST%","every iteration",8000,0.64608147113594,1.0783746865786,10.2699940441757,109.538038229067,0.00605739481278383,FALSE
"half2","edge_DRB%--AST%","every iteration",8000,0.191617551210428,1.00170139988101,199.886029553659,332.83332180678,0.0145153875269044,FALSE
"half2","edge_TRB%--AST%","every iteration",8000,0.542759543761639,1.36319514524394,2.32969689108949,3.82588729348139,0.211390821685907,FALSE
"half2","edge_PER--STL%","every iteration",8000,0.658657122905028,1.09792356180328,7.30279084667854,49.8798862706826,0.00449025621077798,FALSE
"half2","edge_TS%--STL%","every iteration",8000,0.128355912476723,1.00816998097811,127.652240898929,31.2220878113231,0.0106153787742043,FALSE
"half2","edge_3PAr--STL%","every iteration",8000,0.0796233705772812,1.00000053142705,392.650336685903,273.103175685136,0.0111396419083852,FALSE
"half2","edge_FTr--STL%","every iteration",8000,0.0343026070763501,1.00018381338565,1414.68712406406,947.139154480561,0.00440930401367552,FALSE
"half2","edge_ORB%--STL%","every iteration",8000,0.0660074487895717,1.00014085738531,363.567199371215,263.560590410777,0.00625823317339483,FALSE
"half2","edge_DRB%--STL%","every iteration",8000,0.327812383612663,1.00101711549837,63.1923124033751,107.143684800629,0.0446373412630766,FALSE
"half2","edge_TRB%--STL%","every iteration",8000,0.422612197392924,1.01637124576425,51.2636152584077,64.1975245091742,0.0477098742500348,FALSE
"half2","edge_AST%--STL%","every iteration",8000,0.244286080074488,1.00267135611628,75.7646132627284,109.672789414456,0.00296850008690947,FALSE
"half2","edge_PER--BLK%","every iteration",8000,0.683023277467412,1.02059294448911,123.056131367269,90.0424360716967,0.00414267688423098,FALSE
"half2","edge_TS%--BLK%","every iteration",8000,0.0949860335195531,1.00032981722977,107.401424385503,130.630325978761,0.0233409576290984,FALSE
"half2","edge_3PAr--BLK%","every iteration",8000,0.234280959031657,1.07225993782196,9.87208621837721,14.2819802073149,0.0867826437025153,FALSE
"half2","edge_FTr--BLK%","every iteration",8000,0.0564141061452514,1.00022596007347,1590.15249020916,1696.23458576022,0.00268069430988828,FALSE
"half2","edge_ORB%--BLK%","every iteration",8000,0.264791899441341,1.01593188912757,75.2762430239567,137.327541530616,0.0286942512962451,FALSE
"half2","edge_DRB%--BLK%","every iteration",8000,0.103817504655493,1.00661188562846,285.918274330637,387.622125809056,0.0166601314963887,FALSE
"half2","edge_TRB%--BLK%","every iteration",8000,0.244347532588454,1.09965762474821,8.24478382440291,5.94366582612114,0.156483496908409,FALSE
"half2","edge_AST%--BLK%","every iteration",8000,0.713070065176909,1.04382234176975,42.3974553589086,216.434983264975,0.00535990225813655,FALSE
"half2","edge_STL%--BLK%","every iteration",8000,0.644451815642458,1.11655123843164,6.32284235361437,45.7041223042588,0.00366805802627714,FALSE
"half2","edge_PER--TOV%","every iteration",8000,0.330011173184358,1.17863732700896,3.92312713885241,3.32184696773112,0.207244921676566,FALSE
"half2","edge_TS%--TOV%","every iteration",8000,0.916045391061453,1.10029570545449,67.9653544736383,26.2307812535978,0.0190110244043453,FALSE
"half2","edge_3PAr--TOV%","every iteration",8000,0.204143854748603,1.05054067060885,68.6718694149694,26.8517394996076,0.0205644607875371,FALSE
"half2","edge_FTr--TOV%","every iteration",8000,0.340282588454376,1.01313278570902,109.236237465019,571.391923910173,0.0264977817235502,FALSE
"half2","edge_ORB%--TOV%","every iteration",8000,0.471301675977654,1.12084756304899,91.5333243900871,10.3052144759538,0.0904179388894941,FALSE
"half2","edge_DRB%--TOV%","every iteration",8000,0.0759827746741155,1.00291066274233,301.805073803668,156.211102456639,0.0140392013937104,FALSE
"half2","edge_TRB%--TOV%","every iteration",8000,0.166378491620112,1.01697357515155,35.4913402648836,54.3860222741153,0.048786488496937,FALSE
"half2","edge_AST%--TOV%","every iteration",8000,0.85357635009311,1.09708884003886,10.3383714823785,100.956427641944,0.00716520198698146,FALSE
"half2","edge_STL%--TOV%","every iteration",8000,0.0262290502793296,1.00002766922087,3496.43660355845,2852.46587877888,0.00200804053105709,FALSE
"half2","edge_BLK%--TOV%","every iteration",8000,0.553962290502793,1.25432263464922,2.93365047190659,10.8861557529889,0.144625091510952,FALSE
"half2","edge_PER--USG%","every iteration",8000,0.92815782122905,1.01666766597904,69.6907186962261,,0.00833201608345639,FALSE
"half2","edge_TS%--USG%","every iteration",8000,0.0727576815642458,1.00161337609677,326.688850005753,344.729996334601,0.0115294027461005,FALSE
"half2","edge_3PAr--USG%","every iteration",8000,0.056858938547486,1.00077824254646,372.913429770493,146.17110660719,0.0110746235549667,FALSE
"half2","edge_FTr--USG%","every iteration",8000,0.0298782588454376,0.999951819581817,4130.69277811469,3195.48612822295,0.00208163815514484,FALSE
"half2","edge_ORB%--USG%","every iteration",8000,0.142026070763501,1.11740741608903,5.70215959992543,7.68316365245235,0.120034439530119,FALSE
"half2","edge_DRB%--USG%","every iteration",8000,0.17845926443203,1.01016442791543,98.1267504944168,150.228295003452,0.0254281093315905,FALSE
"half2","edge_TRB%--USG%","every iteration",8000,0.594248370577281,1.23800651372618,3.06548844770959,6.17968380980649,0.102576929567773,FALSE
"half2","edge_AST%--USG%","every iteration",8000,0.174382681564246,1.00785544788697,79.2472572608526,81.7782108129904,0.0314375621632441,FALSE
"half2","edge_STL%--USG%","every iteration",8000,0.040143156424581,1.00011249462875,302.261405317758,186.709547450301,0.00292181674057816,FALSE
"half2","edge_BLK%--USG%","every iteration",8000,0.0482516294227188,1.00532625072326,643.64638911968,603.033598948574,0.00587353879916678,FALSE
"half2","edge_TOV%--USG%","every iteration",8000,0.443833100558659,1.44383877528803,1.97516822637506,1.79083904944365,0.234982277748861,FALSE
"half2","edge_PER--OWS","every iteration",8000,0.687602188081937,1.0640092873456,31.7177655641312,32.6944271285764,0.00738907616659863,FALSE
"half2","edge_TS%--OWS","every iteration",8000,0.665503258845438,1.06856902779538,11.8563053117009,52.9694522705127,0.0034335740288924,FALSE
"half2","edge_3PAr--OWS","every iteration",8000,0.368550977653631,1.3867474819159,2.18548979782697,3.53430896545519,0.244118983726797,FALSE
"half2","edge_FTr--OWS","every iteration",8000,0.0383007448789572,1.00008320202633,2078.96447523261,1574.47450953505,0.00332464479344067,FALSE
"half2","edge_ORB%--OWS","every iteration",8000,0.23624208566108,1.20467059950853,10.9037192072772,38.5533015109682,0.104137179155506,FALSE
"half2","edge_DRB%--OWS","every iteration",8000,0.130371275605214,1.00197844465171,41.7419704684748,63.8701932249363,0.0468603540309599,FALSE
"half2","edge_TRB%--OWS","every iteration",8000,0.605394320297952,1.16178823660011,4.65685879913714,15.788607546228,0.0502282907971554,FALSE
"half2","edge_AST%--OWS","every iteration",8000,0.294174115456238,1.50388827595908,1.84549952455716,2.42234123748703,0.261084439606635,FALSE
"half2","edge_STL%--OWS","every iteration",8000,0.18157355679702,1.00038991366303,154.381230651031,248.953288197866,0.0131371461963815,FALSE
"half2","edge_BLK%--OWS","every iteration",8000,0.10241852886406,1.01618953983295,130.970535902615,117.74262721254,0.0115015484078616,FALSE
"half2","edge_TOV%--OWS","every iteration",8000,0.714304469273743,1.13579413472016,5.34198186484182,84.7301985675859,0.0253417224138323,FALSE
"half2","edge_USG%--OWS","every iteration",8000,0.655439013035382,1.07207305105845,10.0195099073336,56.5584430433596,0.00197219693498548,FALSE
"half2","edge_PER--DWS","every iteration",8000,0.704946461824953,1.02066170418934,109.147416270185,42.5047199918064,0.0215557630820954,FALSE
"half2","edge_TS%--DWS","every iteration",8000,0.424086592178771,1.04367614350855,32.9251824701063,115.574108278812,0.0408475953663661,FALSE
"half2","edge_3PAr--DWS","every iteration",8000,0.140229283054004,1.04429308014087,28.2492165964852,60.0096034292387,0.0534717732973148,FALSE
"half2","edge_FTr--DWS","every iteration",8000,0.0492506983240223,1.00265491980339,2123.74021596782,2248.77711028254,0.00278330496491766,FALSE
"half2","edge_ORB%--DWS","every iteration",8000,0.166638966480447,1.04954412901716,30.8393147517585,70.7205265012002,0.0578725072258605,FALSE
"half2","edge_DRB%--DWS","every iteration",8000,0.570417830540037,1.13445220515868,8.36726945956326,25.9329003832685,0.0530360723477816,FALSE
"half2","edge_TRB%--DWS","every iteration",8000,0.197409683426443,1.0406670614114,34.5786392466455,51.5590159012845,0.0540365475746373,FALSE
"half2","edge_AST%--DWS","every iteration",8000,0.0692683891992551,1.01892725295471,370.49767163862,212.837784003469,0.0115480475296198,FALSE
"half2","edge_STL%--DWS","every iteration",8000,0.119993016759777,1.00378300842628,121.12702894332,301.542491813697,0.0262077487166008,FALSE
"half2","edge_BLK%--DWS","every iteration",8000,0.28552770018622,1.02785503620038,73.5507523898665,16.8483773164795,0.0179994539406754,FALSE
"half2","edge_TOV%--DWS","every iteration",8000,0.0742572160148976,1.01159209629985,258.261671422777,124.294755776762,0.0143240032503774,FALSE
"half2","edge_USG%--DWS","every iteration",8000,0.651118016759777,1.10862036382113,6.61360571725896,40.8138429382052,0.00404385134438031,FALSE
"half2","edge_OWS--DWS","every iteration",8000,0.819881983240223,1.00006024513566,290.521001768081,,0.00509783539896165,FALSE
"half2","edge_PER--WS/48","every iteration",8000,0.837003491620112,1.23449596476604,3.72491888251141,,0.141195870874167,FALSE
"half2","edge_TS%--WS/48","every iteration",8000,0.410225791433892,1.00578869092196,64.2502804553069,165.692816022106,0.0318153239972841,FALSE
"half2","edge_3PAr--WS/48","every iteration",8000,0.157980446927374,1.09114647859714,15.1234038652442,46.6817854716091,0.0826542999149612,FALSE
"half2","edge_FTr--WS/48","every iteration",8000,0.0833279795158287,1.00063351443592,484.233358192846,303.986960219105,0.0100528856033709,FALSE
"half2","edge_ORB%--WS/48","every iteration",8000,0.100020484171322,1.00044558668716,84.7307134228347,59.7154060744119,0.0254641336995108,FALSE
"half2","edge_DRB%--WS/48","every iteration",8000,0.463053305400372,1.18305445365608,4.65293592512577,5.64078046302635,0.126528316824853,FALSE
"half2","edge_TRB%--WS/48","every iteration",8000,0.5169604283054,1.3234764187537,2.59535671141207,3.74933808433851,0.158750941551578,FALSE
"half2","edge_AST%--WS/48","every iteration",8000,0.358352653631285,1.56175513580153,2.26649011680071,2.46205128547518,0.25619353440559,FALSE
"half2","edge_STL%--WS/48","every iteration",8000,0.657107541899441,1.08435391692493,8.53881143048803,50.4282351039236,0.00388362553592649,FALSE
"half2","edge_BLK%--WS/48","every iteration",8000,0.713479748603352,1.08746102068299,15.4904131492571,79.506681596411,0.020230788126043,FALSE
"half2","edge_TOV%--WS/48","every iteration",8000,0.238458566108007,1.01941791373008,32.0181535414329,33.6900755344902,0.0254304298831481,FALSE
"half2","edge_USG%--WS/48","every iteration",8000,0.390772113594041,1.01123314269172,112.555664878659,86.3435882207033,0.0263178825331881,FALSE
"half2","edge_OWS--WS/48","every iteration",8000,0.844944366852886,1.11256756500261,8.72640808284402,32.2411415420636,0.00933674551195807,FALSE
"half2","edge_DWS--WS/48","every iteration",8000,0.170744413407821,1.00366460588652,404.328254616744,406.879133894732,0.00932009923971963,FALSE
"half2","edge_PER--OBPM","every iteration",8000,0.995944599627561,1.02424687364091,213.126259152059,,0.00174433780005088,FALSE
"half2","edge_TS%--OBPM","every iteration",8000,0.510147811918063,1.00938665912811,39.7012598315976,78.1730573250859,0.0568260862690525,FALSE
"half2","edge_3PAr--OBPM","every iteration",8000,0.889625698324022,1.08076975298334,10.8712905076818,,0.00641694972037254,FALSE
"half2","edge_FTr--OBPM","every iteration",8000,0.425753491620112,1.02974769755544,38.7771084593188,43.5001195286353,0.0506371887987783,FALSE
"half2","edge_ORB%--OBPM","every iteration",8000,0.0566736499068901,1.00033283225806,708.380228436245,440.805421563766,0.00664704045541699,FALSE
"half2","edge_DRB%--OBPM","every iteration",8000,0.143403631284916,1.00113455048486,46.3493973644331,65.3673197404438,0.0441361760937947,FALSE
"half2","edge_TRB%--OBPM","every iteration",8000,0.0829690409683426,1.00293167634593,93.2478295798212,157.022052514407,0.0290250811303062,FALSE
"half2","edge_AST%--OBPM","every iteration",8000,0.149418761638734,1.00451963494653,33.0634252737485,63.2408347304463,0.0526042539955053,FALSE
"half2","edge_STL%--OBPM","every iteration",8000,0.0799508845437616,1.00178442417472,464.165182117645,355.390157950063,0.00901273901116909,FALSE
"half2","edge_BLK%--OBPM","every iteration",8000,0.0830558659217877,1.00069096853005,300.283466909704,340.44452346623,0.00867893341590876,FALSE
"half2","edge_TOV%--OBPM","every iteration",8000,0.563138966480447,1.23250618584108,3.39876722740073,78.7894101878005,0.202830230257509,FALSE
"half2","edge_USG%--OBPM","every iteration",8000,0.271454376163873,1.0059439621238,40.3831506539201,95.7771414904813,0.0488078927395306,FALSE
"half2","edge_OWS--OBPM","every iteration",8000,0.151065176908752,1.03420891821756,48.4524062020586,121.045132618753,0.0372287392320238,FALSE
"half2","edge_DWS--OBPM","every iteration",8000,0.719535381750465,1.01372896906491,108.026153037731,87.2798894778359,0.00728163089087287,FALSE
"half2","edge_WS/48--OBPM","every iteration",8000,0.409346601489758,1.07966301984493,41.0774527563346,99.7093665775445,0.0827771454165338,FALSE
"half2","edge_PER--DBPM","every iteration",8000,0.106622905027933,1.01111316456853,82.7385826892493,88.814510799849,0.0301793738954964,FALSE
"half2","edge_TS%--DBPM","every iteration",8000,0.0635414338919925,1.00116315934663,1285.65951954835,1401.20643817146,0.0055141679710786,FALSE
"half2","edge_3PAr--DBPM","every iteration",8000,0.10554469273743,1.00128381077717,213.840567804741,128.64258408018,0.0113697932901403,FALSE
"half2","edge_FTr--DBPM","every iteration",8000,0.0509310986964618,1.00605696812148,946.968318760004,827.765840096086,0.00305555255483528,FALSE
"half2","edge_ORB%--DBPM","every iteration",8000,0.347868016759777,1.08595760908736,12.6041320059438,12.0309944232832,0.115766664804965,FALSE
"half2","edge_DRB%--DBPM","every iteration",8000,0.0786885474860335,1.2303526647686,12.726500713047,2.28963072599675,0.00593878215427785,FALSE
"half2","edge_TRB%--DBPM","every iteration",8000,0.0683154096834264,1.01002778149558,158.972107604619,55.5617200143737,0.00639029157779037,FALSE
"half2","edge_AST%--DBPM","every iteration",8000,0.148266527001862,1.16378033232831,4.32994480666429,12.6758271075761,0.0246362089052556,FALSE
"half2","edge_STL%--DBPM","every iteration",8000,0.946514199255121,1.1123661628782,7.01987256986458,148.459567870463,0.00403458017773842,FALSE
"half2","edge_BLK%--DBPM","every iteration",8000,0.748211126629423,1.11405450853522,6.32453015097739,63.2697313633947,0.036849870837066,FALSE
"half2","edge_TOV%--DBPM","every iteration",8000,0.239761405959032,1.39793637978451,2.12486985107177,1.99610899968011,0.231371057375235,FALSE
"half2","edge_USG%--DBPM","every iteration",8000,0.776264199255121,1.0548674179885,17.2636564901393,27.4275632860023,0.0144910552143546,FALSE
"half2","edge_OWS--DBPM","every iteration",8000,0.700480679702048,1.07176559464127,89.1665980527473,41.8199078519728,0.010355597767843,FALSE
"half2","edge_DWS--DBPM","every iteration",8000,0.466537243947858,1.0328665780251,20.1966500034469,58.8568701229919,0.0770102644708121,FALSE
"half2","edge_WS/48--DBPM","every iteration",8000,0.755787011173184,1.03106355999064,120.896547446184,86.5194445872948,0.00831974825367754,FALSE
"half2","edge_OBPM--DBPM","every iteration",8000,0.717677374301676,1.03682212147094,36.6243098431521,117.72278994275,0.0108266050020755,FALSE
"half2","edge_PER--VORP","every iteration",8000,0.380936452513966,1.09527057959398,11.4530913414869,106.452407073991,0.12657556915828,FALSE
"half2","edge_TS%--VORP","every iteration",8000,0.104557728119181,1.01535121525553,47.4449971535144,65.9647653335162,0.0372515437765304,FALSE
"half2","edge_3PAr--VORP","every iteration",8000,0.246336824953445,1.12137432659778,6.29500691163816,12.618294883002,0.126933693728806,FALSE
"half2","edge_FTr--VORP","every iteration",8000,0.0456666666666667,1.00059702760126,303.022487279553,231.681656333777,0.00861404612197111,FALSE
"half2","edge_ORB%--VORP","every iteration",8000,0.144091713221601,1.03875601580897,41.3875901739423,66.9857223963783,0.0306319357984684,FALSE
"half2","edge_DRB%--VORP","every iteration",8000,0.0344841713221601,1.00069933435834,1769.24307095275,774.889837596772,0.00241936789078993,FALSE
"half2","edge_TRB%--VORP","every iteration",8000,0.0592404562383613,1.00275951411426,165.097606092685,111.595628334009,0.013944606397358,FALSE
"half2","edge_AST%--VORP","every iteration",8000,0.612308426443203,1.13674634151093,18.1924462178176,16.2998082853776,0.0439310776068232,FALSE
"half2","edge_STL%--VORP","every iteration",8000,0.0879171322160149,1.00035112596149,226.82976030156,176.503855875289,0.00937934272389839,FALSE
"half2","edge_BLK%--VORP","every iteration",8000,0.0882572160148976,1.00228053887032,87.8077856718629,31.7596246779478,0.0229678542061244,FALSE
"half2","edge_TOV%--VORP","every iteration",8000,0.03325395716946,1.00122664032162,1021.05736979397,1067.38226780449,0.0029950040704015,FALSE
"half2","edge_USG%--VORP","every iteration",8000,0.229137569832402,1.13628759909042,6.18254776436609,23.207227309155,0.122942496544191,FALSE
"half2","edge_OWS--VORP","every iteration",8000,0.869068668528864,1.09543615791089,21.3146369903356,,0.0274486738622621,FALSE
"half2","edge_DWS--VORP","every iteration",8000,0.774337290502793,1.02039674868694,87.1966073129149,44.3426624069885,0.00997674012124476,FALSE
"half2","edge_WS/48--VORP","every iteration",8000,0.123925512104283,1.0015009281865,143.991746143247,86.9693431238627,0.0232236535812268,FALSE
"half2","edge_OBPM--VORP","every iteration",8000,0.879249301675978,1.06970581993116,12.2899464282086,,0.0150191038961444,FALSE
"half2","edge_DBPM--VORP","every iteration",8000,0.785111731843575,1.00064917932927,184.95762769266,79.9921874570884,0.00699912084530424,FALSE
"half2","PER_theta3","every 20 iterations",400,0.36150426000239,1.09947241130465,7.82878786542023,46.9393944753851,0.0220655090768329,FALSE
"half2","PER_theta4","every 20 iterations",400,1.03021753991044,1.15387233564124,5.79751956942568,45.5501647303784,0.0451857575172554,FALSE
"half2","TS%_theta3","every 20 iterations",400,0.234984941554575,1.6054692595912,1.76116271863908,21.6290359482186,0.0453062012204319,FALSE
"half2","TS%_theta4","every 20 iterations",400,0.710957504319197,1.71794645237723,1.66127647299528,20.6422006453022,0.0764867099412341,FALSE
"half2","3PAr_theta3","every 20 iterations",400,0.107614877485182,1.07392313330727,13.178847913836,20.1972494762366,0.0114927522478146,FALSE
"half2","3PAr_theta4","every 20 iterations",400,0.51071047585626,1.07259987219025,10.6822198301914,20.4300001719611,0.0213471277277442,FALSE
"half2","FTr_theta3","every 20 iterations",400,0.163349530790037,1.06107810689153,12.0103623516728,37.6414057066896,0.011506600851911,FALSE
"half2","FTr_theta4","every 20 iterations",400,0.660320656988919,1.18749916442236,15.2911093490538,57.6455525827708,0.019138926439113,FALSE
"half2","ORB%_theta3","every 20 iterations",400,0.339713378330671,1.02620469900075,22.1884222793081,87.5419432423562,0.0129208484796486,FALSE
"half2","ORB%_theta4","every 20 iterations",400,1.26110325211553,1.06675295978717,14.2641826353875,67.1191871495425,0.0315467526797338,FALSE
"half2","DRB%_theta3","every 20 iterations",400,0.328201724584134,1.14657910084697,7.18881732058394,14.4298502154176,0.0205238209484467,FALSE
"half2","DRB%_theta4","every 20 iterations",400,1.03110809617321,1.28397504280395,2.9260137331269,12.1150964603676,0.0560472264276234,FALSE
"half2","TRB%_theta3","every 20 iterations",400,0.468185701896676,1.04737100931371,25.1374766722948,15.5474110425647,0.0144116245478905,FALSE
"half2","TRB%_theta4","every 20 iterations",400,1.45668326650723,1.01361572210228,25.4501528582724,24.4858906473642,0.0272451939659812,FALSE
"half2","AST%_theta3","every 20 iterations",400,0.279101503479962,1.52895822585799,1.97428919600277,20.6422006453022,0.0492013836854065,FALSE
"half2","AST%_theta4","every 20 iterations",400,0.963403387975179,1.62297631946379,1.78817737581952,20.6422006453022,0.0883668529662871,FALSE
"half2","STL%_theta3","every 20 iterations",400,0.258044925695316,1.08000832682717,10.1158351004479,15.0298766001815,0.0137947042970911,FALSE
"half2","STL%_theta4","every 20 iterations",400,0.784052000427767,1.00350667613054,16.1575646451503,46.6452096696466,0.019756653454739,FALSE
"half2","BLK%_theta3","every 20 iterations",400,0.309680800622017,1.15161535844486,5.26303837732708,32.6584200053337,0.024492666181388,FALSE
"half2","BLK%_theta4","every 20 iterations",400,0.847056709126492,1.32637216444748,2.67055253743857,40.0533172046609,0.0607379508510475,FALSE
"half2","TOV%_theta3","every 20 iterations",400,0.226993000329138,1.08049252507847,13.8316017769085,67.1261528980893,0.0125549989008622,FALSE
"half2","TOV%_theta4","every 20 iterations",400,0.76345609057738,1.09911524481008,9.98651275857615,21.5361555797852,0.023799542466027,FALSE
"half2","USG%_theta3","every 20 iterations",400,0.314669899128757,1.10856388915006,20.5910264403106,28.3979272860591,0.0114092696415083,FALSE
"half2","USG%_theta4","every 20 iterations",400,0.992893304609693,1.04186517207675,17.7316009893027,42.7262617050645,0.0175120017743248,FALSE
"half2","OWS_theta3","every 20 iterations",400,0.923051269692928,1.0241215592682,20.397124709655,45.378111451408,0.0207428467654992,FALSE
"half2","OWS_theta4","every 20 iterations",400,1.94394520358417,1.03608550075685,17.3943798472974,34.3905028829537,0.034261506111926,FALSE
"half2","DWS_theta3","every 20 iterations",400,0.320801073339019,1.0512586303465,19.7190446036182,16.8940292840359,0.0114840794649043,FALSE
"half2","DWS_theta4","every 20 iterations",400,0.832120941195555,1.06439043481361,13.7321485978019,11.9119735087287,0.021956986865851,FALSE
"half2","WS/48_theta3","every 20 iterations",400,0.314196723682856,1.00813886844366,16.8803146687126,42.0016970656121,0.0142149137262831,FALSE
"half2","WS/48_theta4","every 20 iterations",400,0.909427492361332,1.02630406468103,12.2644229788051,41.5015177226941,0.0269536965214415,FALSE
"half2","OBPM_theta3","every 20 iterations",400,0.314697568754526,1.14159471723467,5.68291709215138,16.5801443826289,0.0218027377778259,FALSE
"half2","OBPM_theta4","every 20 iterations",400,0.880467329041497,1.07061535334071,15.9054281503742,11.5648187752218,0.019284393142181,FALSE
"half2","DBPM_theta3","every 20 iterations",400,0.271480196998616,1.52029774635655,2.07807992132333,20.3685270433138,0.0443609049490858,FALSE
"half2","DBPM_theta4","every 20 iterations",400,0.920009309092646,1.3633341716189,2.78532597397509,20.5667482704941,0.0798344886899958,FALSE
"half2","VORP_theta3","every 20 iterations",400,0.755515520846455,1.02153608787758,15.4792871892516,66.1614434427196,0.025898860058108,FALSE
"half2","VORP_theta4","every 20 iterations",400,2.476681803238,1.06638767502686,11.7827754583033,25.4937421432791,0.0754459826538782,FALSE
"half2","weighted_mu_PER","every 20 iterations",400,0.0512006239632294,1.07335529399456,11.8009358215819,100.993739641154,0.0189836374492885,FALSE
"half2","weighted_mu_TS%","every 20 iterations",400,-0.121231547027837,1.2559681149371,3.19443265451493,30.3820736604979,0.0374951119035975,FALSE
"half2","weighted_mu_3PAr","every 20 iterations",400,-0.195659765123964,1.00762496963882,26.7388348698178,179.379163639119,0.0112984345640597,FALSE
"half2","weighted_mu_FTr","every 20 iterations",400,-0.142341383248792,1.00365706638909,91.6152040718941,236.98744187333,0.00701103985900127,FALSE
"half2","weighted_mu_ORB%","every 20 iterations",400,0.263363455775783,1.00908252945965,34.190185913203,169.66011646625,0.0162467607405663,FALSE
"half2","weighted_mu_DRB%","every 20 iterations",400,0.0744726141667514,1.11948989146481,6.68763342093658,107.654686457888,0.0257333559408699,FALSE
"half2","weighted_mu_TRB%","every 20 iterations",400,0.265548592725964,1.00041952387666,51.594735702716,164.07947541129,0.0118783661849781,FALSE
"half2","weighted_mu_AST%","every 20 iterations",400,0.0306464931536865,1.24451016825121,3.19027353080311,41.1093175299609,0.0385621503806269,FALSE
"half2","weighted_mu_STL%","every 20 iterations",400,-0.0913861048416369,1.00858823181645,151.594787277839,226.541090587139,0.00592812433436861,FALSE
"half2","weighted_mu_BLK%","every 20 iterations",400,-0.0971249749582052,1.04103306923113,37.2381844479141,224.802299180189,0.0106565413568863,FALSE
"half2","weighted_mu_TOV%","every 20 iterations",400,-0.0260177229101077,1.02192120378527,53.1701770666587,219.823726082242,0.00856699254585434,FALSE
"half2","weighted_mu_USG%","every 20 iterations",400,0.0722886879581136,1.02361018269258,87.7069569914648,120.845278138149,0.00612876565681241,FALSE
"half2","weighted_mu_OWS","every 20 iterations",400,0.490568679860093,1.00306920663,34.0625062913825,225.761111766905,0.0151180037779657,FALSE
"half2","weighted_mu_DWS","every 20 iterations",400,-0.0347845686113043,1.02194283332805,32.9627983837937,73.7273246646938,0.0102614887289127,FALSE
"half2","weighted_mu_WS/48","every 20 iterations",400,0.00743572520279773,1.01487189578281,23.522566369955,95.118222025299,0.0134985006237686,FALSE
"half2","weighted_mu_OBPM","every 20 iterations",400,-0.0759158595687866,1.00215922592811,112.737590379692,365.401388254679,0.00567984606790433,FALSE
"half2","weighted_mu_DBPM","every 20 iterations",400,0.00178904860143362,1.19993200536061,4.0525979199898,33.5540622967419,0.0351331887090304,FALSE
"half2","weighted_mu_VORP","every 20 iterations",400,0.601770941806749,1.00224425859925,29.5246682837855,137.843447591768,0.0215900601349964,FALSE
"half2","weighted_precision_diag_PER","every 20 iterations",400,31.43195763451,1.03094070947358,29.4922261249639,71.3748004403457,0.655528865870874,FALSE
"half2","weighted_precision_diag_TS%","every 20 iterations",400,9.55686074352651,1.42559479493301,2.31947326131377,32.7506976748321,1.22832729376084,FALSE
"half2","weighted_precision_diag_3PAr","every 20 iterations",400,9.16038514589847,1.02675303834957,17.8914198023824,75.0996426994007,0.412308243896523,FALSE
"half2","weighted_precision_diag_FTr","every 20 iterations",400,2.81802073902234,1.05993927611737,21.4028989370281,55.6960792340993,0.0922532338346238,FALSE
"half2","weighted_precision_diag_ORB%","every 20 iterations",400,6.10841120831643,1.1318410588885,6.04182155978826,70.4824669159633,0.40915297193331,FALSE
"half2","weighted_precision_diag_DRB%","every 20 iterations",400,15.4235445632139,1.00246362542451,48.8878552265906,80.2064440483763,0.361898091142705,FALSE
"half2","weighted_precision_diag_TRB%","every 20 iterations",400,21.3186150578455,1.04927688386099,24.0009332119143,44.3514922456201,0.645277768598318,FALSE
"half2","weighted_precision_diag_AST%","every 20 iterations",400,5.53187949635572,1.44426075797144,2.24403457635543,26.2114480145651,0.72195199341538,FALSE
"half2","weighted_precision_diag_STL%","every 20 iterations",400,3.74088343886192,1.00316917758104,26.0441111625943,76.1684369962406,0.112287569427681,FALSE
"half2","weighted_precision_diag_BLK%","every 20 iterations",400,4.29184394216101,1.16475059402935,4.82795340332216,55.9509443028161,0.322679397050924,FALSE
"half2","weighted_precision_diag_TOV%","every 20 iterations",400,4.66895128857643,1.00061052825716,35.5831613335776,111.523217935871,0.11860360772258,FALSE
"half2","weighted_precision_diag_USG%","every 20 iterations",400,5.57017029355793,1.01591958007646,23.3152359660847,111.609838470147,0.177577620323577,FALSE
"half2","weighted_precision_diag_OWS","every 20 iterations",400,9.94680139229543,1.01557596395597,45.8326245422779,157.798435781275,0.184070722589358,FALSE
"half2","weighted_precision_diag_DWS","every 20 iterations",400,10.0583012556629,1.00815628635289,40.439812996934,166.140689620246,0.192852452485104,FALSE
"half2","weighted_precision_diag_WS/48","every 20 iterations",400,18.433832630249,1.03860821149326,18.5968353294446,57.4847828329723,0.633127313342616,FALSE
"half2","weighted_precision_diag_OBPM","every 20 iterations",400,29.0652388994971,1.0768733109679,15.3661055168553,49.640551934819,0.985753217410069,FALSE
"half2","weighted_precision_diag_DBPM","every 20 iterations",400,10.6956678389425,1.45290949969336,2.11255936003601,28.6302510973731,1.33483244964173,FALSE
"half2","weighted_precision_diag_VORP","every 20 iterations",400,9.35974095867015,1.00107906045215,30.0673565429273,111.463508667283,0.238673226055467,FALSE
"block4","K_plus","every iteration",4000,4,,,,,TRUE
"block4","largest_group_fraction","every iteration",4000,0.617122905027933,1.18186548952467,4.49898211218363,21.0571637207581,0.00581435960773906,FALSE
"block4","mean_edge_density","every iteration",4000,0.368295343897956,1.08059120582751,13.0286827472494,142.890489989851,0.00366662882077218,FALSE
"block4","edge_PER--TS%","every iteration",4000,0.438465549348231,1.11862930413247,7.02972943016819,38.6869751225731,0.14348784496032,FALSE
"block4","edge_PER--3PAr","every iteration",4000,0.871430633147114,1.00051649739972,64.65547158689,148.558430779176,0.00540063714563047,FALSE
"block4","edge_TS%--3PAr","every iteration",4000,0.137097765363128,1.00111511432335,149.222158136606,202.077168264016,0.0200283494412925,FALSE
"block4","edge_PER--FTr","every iteration",4000,0.62254469273743,1.0610065787866,15.4171651900899,18.2973358205085,0.0209987298824846,FALSE
"block4","edge_TS%--FTr","every iteration",4000,0.0615148975791434,1.00270323540788,804.746330111616,831.597665039784,0.00388714847040191,FALSE
"block4","edge_3PAr--FTr","every iteration",4000,0.412365921787709,1.03949256678311,28.9243234580635,86.7397355936228,0.0699981365824841,FALSE
"block4","edge_PER--ORB%","every iteration",4000,0.348028398510242,1.76809506565339,1.67642535948646,1.8845277366845,0.265116879508331,FALSE
"block4","edge_TS%--ORB%","every iteration",4000,0.509617318435754,1.14230260076359,9.20380938026646,3.3208367507843,0.14441728769373,FALSE
"block4","edge_3PAr--ORB%","every iteration",4000,0.746250931098696,1.03740076940459,33.569086508793,92.0263573325371,0.00191285333159289,FALSE
"block4","edge_FTr--ORB%","every iteration",4000,0.0626205772811918,1.00409776811351,230.495587262704,189.067440734717,0.0082920595889159,FALSE
"block4","edge_PER--DRB%","every iteration",4000,0.204422718808194,1.1119618346935,6.70923777510158,10.6238071800896,0.120422951961735,FALSE
"block4","edge_TS%--DRB%","every iteration",4000,0.220438547486034,1.02633412162595,17.5904934502085,23.3467414037567,0.0839930253902732,FALSE
"block4","edge_3PAr--DRB%","every iteration",4000,0.304583333333333,1.0018250675102,33.1370768354415,33.9991891663253,0.0628567615714693,FALSE
"block4","edge_FTr--DRB%","every iteration",4000,0.029360800744879,1.00017265277954,1509.6844739315,989.626944585875,0.00215578535564622,FALSE
"block4","edge_ORB%--DRB%","every iteration",4000,0.857595437616387,1.02053067024965,35.504291788414,118.084379157598,0.00430035292735317,FALSE
"block4","edge_PER--TRB%","every iteration",4000,0.539075884543762,1.2167199931419,8.46211501273996,4.74201022780892,0.134422438663409,FALSE
"block4","edge_TS%--TRB%","every iteration",4000,0.210656424581006,1.01118111988731,14.4184420402262,17.583432408326,0.0896326061970591,FALSE
"block4","edge_3PAr--TRB%","every iteration",4000,0.235628491620112,1.10485693969689,10.9869899312567,23.4946268097665,0.0696769207179271,FALSE
"block4","edge_FTr--TRB%","every iteration",4000,0.0321340782122905,1.00017845101296,1635.88251365861,1544.2247933155,0.00233989939053663,FALSE
"block4","edge_ORB%--TRB%","every iteration",4000,0.974396648044693,1.00762339388932,109.744359486892,,0.0051493880076243,FALSE
"block4","edge_DRB%--TRB%","every iteration",4000,0.999554469273743,0.999792855459648,1059.12887167683,,0.000444069575096793,FALSE
"block4","edge_PER--AST%","every iteration",4000,0.841058193668529,1.08415803000843,22.425304672296,32.2367779201843,0.00907079534721212,FALSE
"block4","edge_TS%--AST%","every iteration",4000,0.80473417132216,1.0519807779184,24.4203816598254,60.0330143626854,0.0189648749770805,FALSE
"block4","edge_3PAr--AST%","every iteration",4000,0.657232309124767,1.0380297871108,137.804812085259,124.008447510843,0.0115288746668269,FALSE
"block4","edge_FTr--AST%","every iteration",4000,0.0740144320297952,1.00753059964139,390.287764610831,249.006120866325,0.0100443473711581,FALSE
"block4","edge_ORB%--AST%","every iteration",4000,0.644348230912477,1.01796510156953,29.5170804339218,63.1163201628472,0.00371439901442441,FALSE
"block4","edge_DRB%--AST%","every iteration",4000,0.204033519553073,1.01113265999167,93.3647525231481,150.360438843185,0.0251468538614525,FALSE
"block4","edge_TRB%--AST%","every iteration",4000,0.363497672253259,1.21463471464563,3.96961282548218,9.91833252786025,0.18379714478661,FALSE
"block4","edge_PER--STL%","every iteration",4000,0.650477188081937,1.06497372515816,17.9552226565572,42.3678391672139,0.00472069908787661,FALSE
"block4","edge_TS%--STL%","every iteration",4000,0.145156424581006,1.00474218579449,140.864964919302,61.0682754019433,0.016576750979517,FALSE
"block4","edge_3PAr--STL%","every iteration",4000,0.0853854748603352,0.999759056848037,203.339353164535,170.493803192194,0.0149021071214823,FALSE
"block4","edge_FTr--STL%","every iteration",4000,0.0356801675977654,1.00317090352728,400.113646961884,250.004571768267,0.00866268464371278,FALSE
"block4","edge_ORB%--STL%","every iteration",4000,0.064713687150838,1.0024316010092,221.410689840009,180.534722907845,0.00821844669939077,FALSE
"block4","edge_DRB%--STL%","every iteration",4000,0.331424581005587,1.00802141428431,33.8921399036633,47.6960477449965,0.0630647367527043,FALSE
"block4","edge_TRB%--STL%","every iteration",4000,0.404708100558659,1.0346368370484,23.1670950110875,27.6564079194226,0.0682581889160817,FALSE
"block4","edge_AST%--STL%","every iteration",4000,0.248352420856611,1.01589235432926,38.8743968610954,65.2263523474487,0.00536477209258226,FALSE
"block4","edge_PER--BLK%","every iteration",4000,0.679394320297952,1.09025915069418,152.866827394666,105.353103146532,0.00896350979369193,FALSE
"block4","edge_TS%--BLK%","every iteration",4000,0.107537243947858,1.07782284437515,17.5725927516513,26.8619555781492,0.0556630810415942,FALSE
"block4","edge_3PAr--BLK%","every iteration",4000,0.162248603351955,1.0575839127388,22.2201361222914,35.3748254522277,0.0683662661661913,FALSE
"block4","edge_FTr--BLK%","every iteration",4000,0.0543780260707635,0.999754850434662,819.503593123964,861.486439061775,0.0038163546963846,FALSE
"block4","edge_ORB%--BLK%","every iteration",4000,0.236069366852886,1.00523607835836,93.4547131385897,88.6739967778081,0.0261242690904499,FALSE
"block4","edge_DRB%--BLK%","every iteration",4000,0.137236033519553,1.00195121289949,125.181250327947,159.159825718536,0.0261408681697697,FALSE
"block4","edge_TRB%--BLK%","every iteration",4000,0.374881284916201,1.2300712120996,6.51204484965277,3.98805702719064,0.167835551261865,FALSE
"block4","edge_AST%--BLK%","every iteration",4000,0.720478584729981,1.00673504674389,27.4199507020731,102.853480800647,0.0072654954004634,FALSE
"block4","edge_STL%--BLK%","every iteration",4000,0.638413873370577,1.07823951712798,10.6330851714776,44.747453602075,0.00257980815430827,FALSE
"block4","edge_PER--TOV%","every iteration",4000,0.499552141527002,1.19785004521921,4.8008946340525,3.62363655550595,0.179270686764541,FALSE
"block4","edge_TS%--TOV%","every iteration",4000,0.894300279329609,1.02894325877327,32.8035938808075,76.8962109603693,0.0181377309519653,FALSE
"block4","edge_3PAr--TOV%","every iteration",4000,0.220817504655493,1.01225832963281,91.2012884399174,44.4845328342369,0.0178012416343447,FALSE
"block4","edge_FTr--TOV%","every iteration",4000,0.352635940409683,1.00074107996221,114.715567871806,327.649137563581,0.0274376150777781,FALSE
"block4","edge_ORB%--TOV%","every iteration",4000,0.560887337057728,1.07623926417057,50.2092943304252,6.7326153168709,0.0839793864892203,FALSE
"block4","edge_DRB%--TOV%","every iteration",4000,0.0539399441340782,1.00283107817238,374.933317652335,220.851918031283,0.00874423868751228,FALSE
"block4","edge_TRB%--TOV%","every iteration",4000,0.123783985102421,1.09445778585813,8.53588322572075,13.8790979812463,0.080275814495119,FALSE
"block4","edge_AST%--TOV%","every iteration",4000,0.842204841713222,1.04128229608805,31.7203216503689,142.556372740326,0.00647542316191354,FALSE
"block4","edge_STL%--TOV%","every iteration",4000,0.0270088454376164,1.00038257975407,1590.36399209822,1402.27948578068,0.00308145568402993,FALSE
"block4","edge_BLK%--TOV%","every iteration",4000,0.428094040968343,1.1666678680113,4.63360720852767,24.7876226167743,0.117365178012359,FALSE
"block4","edge_PER--USG%","every iteration",4000,0.92739199255121,1.06499829592998,21.3711150492675,,0.0158200546778372,FALSE
"block4","edge_TS%--USG%","every iteration",4000,0.0834143389199255,1.01587296029948,144.635068584501,164.697710048067,0.0200286762273093,FALSE
"block4","edge_3PAr--USG%","every iteration",4000,0.0508193668528864,1.00196514073383,634.70612480096,444.498612817451,0.00664442402718132,FALSE
"block4","edge_FTr--USG%","every iteration",4000,0.0307267225325885,0.999879399078634,1855.7685478808,1465.87383157654,0.00320354947255319,FALSE
"block4","edge_ORB%--USG%","every iteration",4000,0.238699720670391,1.36926727962476,2.26366443683338,2.60741324480366,0.221565935650397,FALSE
"block4","edge_DRB%--USG%","every iteration",4000,0.160174581005587,1.04805494259219,30.7915223493256,63.1172762960476,0.0546885723684552,FALSE
"block4","edge_TRB%--USG%","every iteration",4000,0.513844972067039,1.33230677047896,2.41456308210612,3.21322579876656,0.160819109247401,FALSE
"block4","edge_AST%--USG%","every iteration",4000,0.155784450651769,1.13633956322583,7.94500603333284,6.38732587227174,0.0797636152405771,FALSE
"block4","edge_STL%--USG%","every iteration",4000,0.0373040037243948,1.00364768987366,423.367529554509,226.150141247724,0.0035596743697359,FALSE
"block4","edge_BLK%--USG%","every iteration",4000,0.060610800744879,1.01212022729169,264.648938112545,208.316423236349,0.0108549002350266,FALSE
"block4","edge_TOV%--USG%","every iteration",4000,0.239756052141527,1.4645777426621,1.94815522707456,2.00734242278364,0.230328997852408,FALSE
"block4","edge_PER--OWS","every iteration",4000,0.69102374301676,1.10266013133602,7.79163249578874,49.7643562917877,0.0221176883600932,FALSE
"block4","edge_TS%--OWS","every iteration",4000,0.66052374301676,1.05509698457737,18.0323521509554,47.142025311958,0.00663886101488934,FALSE
"block4","edge_3PAr--OWS","every iteration",4000,0.160540037243948,1.02224440922169,28.0330239875329,74.211589779217,0.0563501461366553,FALSE
"block4","edge_FTr--OWS","every iteration",4000,0.0354543761638734,1.00402550010987,1045.04065310587,762.377143020887,0.00439131666121597,FALSE
"block4","edge_ORB%--OWS","every iteration",4000,0.348712756052142,1.13481883535708,5.07285797877587,5.66050203581029,0.143439531044098,FALSE
"block4","edge_DRB%--OWS","every iteration",4000,0.155696461824953,1.12882714722719,7.44731861218724,10.3979464609507,0.111300549905649,FALSE
"block4","edge_TRB%--OWS","every iteration",4000,0.550883612662942,1.19884477214407,4.08376435154353,6.53319281261951,0.107824080797603,FALSE
"block4","edge_AST%--OWS","every iteration",4000,0.522842644320298,1.18711756100611,6.67323211329821,3.26103432722588,0.161311433839698,FALSE
"block4","edge_STL%--OWS","every iteration",4000,0.174127094972067,1.03562353975671,83.3455620097092,108.25314471464,0.0152525535776981,FALSE
"block4","edge_BLK%--OWS","every iteration",4000,0.0824324953445065,1.013537997922,54.1953056843919,89.6361972408572,0.0149115731837276,FALSE
"block4","edge_TOV%--OWS","every iteration",4000,0.684860800744879,1.05613613626993,18.5611044993696,117.549240780581,0.0130826028491447,FALSE
"block4","edge_USG%--OWS","every iteration",4000,0.651604283054004,1.03859681155182,25.1741496229278,60.7329843521545,0.00310757769019533,FALSE
"block4","edge_PER--DWS","every iteration",4000,0.706380353817505,1.03513342008236,90.2595101990245,28.0384296237559,0.0192142041814956,FALSE
"block4","edge_TS%--DWS","every iteration",4000,0.373600558659218,1.0520401655591,32.9641796418173,56.8456414615389,0.0551883653927473,FALSE
"block4","edge_3PAr--DWS","every iteration",4000,0.0796666666666667,1.01737861309384,176.209592463843,67.7474182499431,0.006152739761472,FALSE
"block4","edge_FTr--DWS","every iteration",4000,0.0435032588454376,1.00246352790072,1665.90946049414,1478.17039756326,0.00269432002750024,FALSE
"block4","edge_ORB%--DWS","every iteration",4000,0.242744878957169,1.0641739664915,12.2312653149791,22.4784618283304,0.0976303986408788,FALSE
"block4","edge_DRB%--DWS","every iteration",4000,0.499488361266294,1.14786233504838,16.1924842507156,12.0010890385788,0.0857368754114302,FALSE
"block4","edge_TRB%--DWS","every iteration",4000,0.26231052141527,1.0516688578297,13.747460868698,20.9063405679751,0.0909410510545021,FALSE
"block4","edge_AST%--DWS","every iteration",4000,0.0970516759776536,1.00196506197508,175.3439209818,111.314895973512,0.0186483498385566,FALSE
"block4","edge_STL%--DWS","every iteration",4000,0.105719273743017,1.00491614651631,246.334150683661,298.088791103645,0.0156764631981279,FALSE
"block4","edge_BLK%--DWS","every iteration",4000,0.276241620111732,1.07409194070054,16.4088003386122,10.8020066584329,0.0454708395978995,FALSE
"block4","edge_TOV%--DWS","every iteration",4000,0.049816573556797,1.00159275968178,453.417623092514,213.433054197153,0.0037873923131128,FALSE
"block4","edge_USG%--DWS","every iteration",4000,0.6440656424581,1.06869804446672,14.5156156245969,38.7269560933427,0.0032511697081111,FALSE
"block4","edge_OWS--DWS","every iteration",4000,0.818461359404097,1.00701177987632,171.929209027514,,0.0072370530032054,FALSE
"block4","edge_PER--WS/48","every iteration",4000,0.978618249534451,1.01118396967936,71.411641721862,,0.00651231668246644,FALSE
"block4","edge_TS%--WS/48","every iteration",4000,0.404433891992551,1.01743473157381,35.0524548795545,28.2152059185597,0.0371248371722859,FALSE
"block4","edge_3PAr--WS/48","every iteration",4000,0.0698673184357542,1.00261795196703,406.351036088456,434.565628324762,0.00678582703529701,FALSE
"block4","edge_FTr--WS/48","every iteration",4000,0.0748989757914339,1.00960061654671,240.19926125623,136.895862767473,0.0145721862547864,FALSE
"block4","edge_ORB%--WS/48","every iteration",4000,0.119503258845438,1.02971365702881,35.7602460354295,54.7517264864551,0.0494190103332952,FALSE
"block4","edge_DRB%--WS/48","every iteration",4000,0.342027932960894,1.02853655281943,9.66316421094996,10.1555639479443,0.116086659444706,FALSE
"block4","edge_TRB%--WS/48","every iteration",4000,0.370881284916201,1.03734820951652,7.65457083301953,10.2718821984473,0.11378476969254,FALSE
"block4","edge_AST%--WS/48","every iteration",4000,0.582155027932961,1.11244529748855,37.0596966534633,10.1130629538147,0.0581944900954516,FALSE
"block4","edge_STL%--WS/48","every iteration",4000,0.651723463687151,1.04690576178868,18.9774899045658,48.9370179754156,0.00818800290685684,FALSE
"block4","edge_BLK%--WS/48","every iteration",4000,0.694004189944134,1.08025261049257,13.0592465552194,69.8456837696893,0.0239599971221527,FALSE
"block4","edge_TOV%--WS/48","every iteration",4000,0.245366387337058,1.01367784751887,29.6522517716408,26.5100657792623,0.0283398533835173,FALSE
"block4","edge_USG%--WS/48","every iteration",4000,0.423473929236499,1.00935711060418,80.2665699128424,163.84622983031,0.0379795946925934,FALSE
"block4","edge_OWS--WS/48","every iteration",4000,0.83083938547486,1.14221818294823,29.5480985389258,20.0117203220215,0.0160976490643863,FALSE
"block4","edge_DWS--WS/48","every iteration",4000,0.161123370577281,1.00550270008175,221.899004796307,234.157849960751,0.012605931507615,FALSE
"block4","edge_PER--OBPM","every iteration",4000,0.992184823091248,1.01644224334586,124.904085778676,,0.00310611275172269,FALSE
"block4","edge_TS%--OBPM","every iteration",4000,0.528841247672253,1.0034497573231,16.4592264140854,52.8762411949413,0.0889699893909095,FALSE
"block4","edge_3PAr--OBPM","every iteration",4000,0.885866387337058,1.07376824717885,21.1844527885432,,0.00570048456449333,FALSE
"block4","edge_FTr--OBPM","every iteration",4000,0.425822160148976,1.08465454840905,13.1161621875078,28.3434942753944,0.062717156507756,FALSE
"block4","edge_ORB%--OBPM","every iteration",4000,0.0579231843575419,0.999953889403171,240.100658365848,145.434446648868,0.0113037076741399,FALSE
"block4","edge_DRB%--OBPM","every iteration",4000,0.154874767225326,1.10203143835826,8.52785662371029,10.4390788769833,0.112661772520488,FALSE
"block4","edge_TRB%--OBPM","every iteration",4000,0.110370577281192,1.04071975859162,27.2924491211963,39.8697121813638,0.0567973059383818,FALSE
"block4","edge_AST%--OBPM","every iteration",4000,0.174772811918063,1.1524055724382,5.99641966905886,8.81395864974461,0.124181770931093,FALSE
"block4","edge_STL%--OBPM","every iteration",4000,0.0702555865921788,1.00422831871583,361.464945786879,375.838739074888,0.00836556212010966,FALSE
"block4","edge_BLK%--OBPM","every iteration",4000,0.0722509310986965,1.01908459414907,166.877937652911,100.027933005626,0.00668281982841006,FALSE
"block4","edge_TOV%--OBPM","every iteration",4000,0.397113594040968,1.12005534958219,10.5993894955035,86.4272984011308,0.138490055525358,FALSE
"block4","edge_USG%--OBPM","every iteration",4000,0.251659217877095,1.01672878808112,15.7671780727121,26.8228776913097,0.0646078178827472,FALSE
"block4","edge_OWS--OBPM","every iteration",4000,0.196655493482309,1.00570790918635,43.3947111413103,102.092977778146,0.0461361867249059,FALSE
"block4","edge_DWS--OBPM","every iteration",4000,0.728592644320298,1.00334981881778,68.8173670664697,60.3629007775472,0.0124208590229969,FALSE
"block4","edge_WS/48--OBPM","every iteration",4000,0.314565642458101,1.0118983490446,41.7425788581178,91.2757605963648,0.047687679348475,FALSE
"block4","edge_PER--DBPM","every iteration",4000,0.133330074487896,1.03298959456758,27.9380805618585,28.3620687059127,0.0577796830053833,FALSE
"block4","edge_TS%--DBPM","every iteration",4000,0.0707146182495345,1.00096137294031,525.601335152754,606.744738749449,0.0092726288278357,FALSE
"block4","edge_3PAr--DBPM","every iteration",4000,0.108301210428305,1.00357516919255,167.259071562974,81.1101614389691,0.0150213943409398,FALSE
"block4","edge_FTr--DBPM","every iteration",4000,0.0591280260707635,1.00299741779926,585.032372151063,499.771788156592,0.00464767720067708,FALSE
"block4","edge_ORB%--DBPM","every iteration",4000,0.447807262569832,1.093354149367,13.0277321478984,37.6554696468981,0.155322122502178,FALSE
"block4","edge_DRB%--DBPM","every iteration",4000,0.0834944134078212,1.01004653437228,37.9661581341395,34.4971524642323,0.00518773445303117,FALSE
"block4","edge_TRB%--DBPM","every iteration",4000,0.0773580074487896,1.00198211540605,113.314405732549,56.0684021256483,0.0106001111218628,FALSE
"block4","edge_AST%--DBPM","every iteration",4000,0.17860800744879,1.05513551158854,17.362475460536,70.1392350601523,0.0188882304507269,FALSE
"block4","edge_STL%--DBPM","every iteration",4000,0.952604283054004,1.05532145182711,15.5370203778744,95.4467959485787,0.00190960810333983,FALSE
"block4","edge_BLK%--DBPM","every iteration",4000,0.778897579143389,1.09974214069272,9.10036505756008,27.5522479719526,0.0501797294021386,FALSE
"block4","edge_TOV%--DBPM","every iteration",4000,0.4381052141527,1.28573494755023,2.75019249880271,1.90468438662006,0.217779356193801,FALSE
"block4","edge_USG%--DBPM","every iteration",4000,0.761730912476723,1.09329682890722,8.94938510025966,126.815167830441,0.0381730323322643,FALSE
"block4","edge_OWS--DBPM","every iteration",4000,0.717266294227188,1.04369984573414,29.4482984961045,27.936781676706,0.010846275728189,FALSE
"block4","edge_DWS--DBPM","every iteration",4000,0.512477188081937,1.33177892889285,2.73036663291125,93.2943287249004,0.221091808389335,FALSE
"block4","edge_WS/48--DBPM","every iteration",4000,0.749720204841713,1.12324208714302,54.5858577852745,64.8334665551868,0.0145029504039003,FALSE
"block4","edge_OBPM--DBPM","every iteration",4000,0.731771415270019,1.00984758620909,23.1508637365525,47.7069943001364,0.00944561374243208,FALSE
"block4","edge_PER--VORP","every iteration",4000,0.274852886405959,0.999752877163239,54.1678649321098,86.2776613075293,0.0480809049908415,FALSE
"block4","edge_TS%--VORP","every iteration",4000,0.134171322160149,1.09764715965911,9.05879858857807,20.576025021487,0.0907500433377551,FALSE
"block4","edge_3PAr--VORP","every iteration",4000,0.137511638733706,1.04750933243163,16.5396189022343,27.4822279079378,0.0624967656051936,FALSE
"block4","edge_FTr--VORP","every iteration",4000,0.0485828677839851,1.01805292988341,119.055097364458,68.1046828068951,0.0166004058325915,FALSE
"block4","edge_ORB%--VORP","every iteration",4000,0.109177374301676,1.00010470678679,87.2314921244207,93.8757987120458,0.0197967514035488,FALSE
"block4","edge_DRB%--VORP","every iteration",4000,0.0332593109869646,1.0001034704461,811.006498903941,801.905185758285,0.00378341701450428,FALSE
"block4","edge_TRB%--VORP","every iteration",4000,0.0619501862197393,1.00500648076382,64.8638728142038,28.4206061683202,0.0260304180356279,FALSE
"block4","edge_AST%--VORP","every iteration",4000,0.554954376163873,1.1612917810106,6.03164922984832,7.33803825144138,0.126098375205584,FALSE
"block4","edge_STL%--VORP","every iteration",4000,0.0902765363128492,1.00676305685218,102.220627368264,78.3109041189795,0.0145954314748333,FALSE
"block4","edge_BLK%--VORP","every iteration",4000,0.107169925512104,1.03270624122594,30.8993130740504,22.7210025546539,0.048353629317903,FALSE
"block4","edge_TOV%--VORP","every iteration",4000,0.0368133147113594,1.00319113373354,348.440730790324,333.352577662573,0.00522963641407425,FALSE
"block4","edge_USG%--VORP","every iteration",4000,0.339079608938547,1.51829086137524,1.83179563999528,3.42083898082883,0.244728470536842,FALSE
"block4","edge_OWS--VORP","every iteration",4000,0.869693668528864,1.09150089529316,8.72954672024445,,0.07475916922458,FALSE
"block4","edge_DWS--VORP","every iteration",4000,0.756083798882682,1.01586278483474,54.2578410476597,70.2256114848527,0.011361162612698,FALSE
"block4","edge_WS/48--VORP","every iteration",4000,0.104690409683426,1.01512066839384,224.944975653397,202.697386684792,0.00985713054350218,FALSE
"block4","edge_OBPM--VORP","every iteration",4000,0.897067504655493,1.08240088725635,9.17385288990139,,0.0321079735187175,FALSE
"block4","edge_DBPM--VORP","every iteration",4000,0.779130353817505,1.06255169159386,32.9861352963892,75.6328669393531,0.0213622416199439,FALSE
"block4","PER_theta3","every 20 iterations",200,0.343054101731165,1.94586654940728,1.45686601131497,17.9345876675254,0.0508562650415739,FALSE
"block4","PER_theta4","every 20 iterations",200,0.988582350202281,1.81731767289016,1.54909394046334,17.9442423451494,0.0853247861464042,FALSE
"block4","TS%_theta3","every 20 iterations",200,0.194834856247869,1.15502217887926,21.1087252142748,47.0826784386439,0.00786882288203921,FALSE
"block4","TS%_theta4","every 20 iterations",200,0.641239848993654,1.02948970081054,20.3912775204306,59.249066675108,0.00964457682072222,FALSE
"block4","3PAr_theta3","every 20 iterations",200,0.101949226927885,1.22838661864814,4.46649153915378,29.6944174495195,0.0149548876093402,FALSE
"block4","3PAr_theta4","every 20 iterations",200,0.495852181307692,1.10090334505704,9.81394976144002,51.3081634223428,0.0157254267297592,FALSE
"block4","FTr_theta3","every 20 iterations",200,0.168805398091753,1.34836556167093,3.0838108335002,36.5764447695684,0.0181908743720503,FALSE
"block4","FTr_theta4","every 20 iterations",200,0.6644922961328,1.07770643573849,19.4459667305771,20.6529561527149,0.0134463298277513,FALSE
"block4","ORB%_theta3","every 20 iterations",200,0.349948373459284,1.0767616793133,9.02605950399976,37.7384383148073,0.0204922748061081,FALSE
"block4","ORB%_theta4","every 20 iterations",200,1.29206089948503,1.10966092304545,6.79179092896093,27.5952244297557,0.0418733864116447,FALSE
"block4","DRB%_theta3","every 20 iterations",200,0.348269623024566,1.13276186581039,16.1940689335328,50.0970030876215,0.0126602741315844,FALSE
"block4","DRB%_theta4","every 20 iterations",200,1.08029049864078,1.05077144092821,11.8543008946283,20.8732613522078,0.0285600702673854,FALSE
"block4","TRB%_theta3","every 20 iterations",200,0.451692675547221,1.23487023351643,4.75443522442927,45.3555680027007,0.0250754438497254,FALSE
"block4","TRB%_theta4","every 20 iterations",200,1.45342090082844,1.14862711149659,11.2818136364609,28.1243608099816,0.0408508577398676,FALSE
"block4","AST%_theta3","every 20 iterations",200,0.235350532846312,1.1658117023763,6.43966560292228,14.6502583772841,0.0208409318876108,FALSE
"block4","AST%_theta4","every 20 iterations",200,0.883748573069244,1.37181060814259,2.38351607181866,15.3143620872083,0.0582526174782332,FALSE
"block4","STL%_theta3","every 20 iterations",200,0.261171354306098,1.11582046775139,8.46489746525364,50.5576695357512,0.0138330934955188,FALSE
"block4","STL%_theta4","every 20 iterations",200,0.789828631947453,1.04603052625959,11.0311481228415,31.4790502308832,0.0233803403377297,FALSE
"block4","BLK%_theta3","every 20 iterations",200,0.330792509109681,1.12529797822323,9.28976756407882,21.5163132775213,0.0161878601068039,FALSE
"block4","BLK%_theta4","every 20 iterations",200,0.898895213563193,1.0735787640683,11.4091640434029,40.7568477560428,0.0197257701550815,FALSE
"block4","TOV%_theta3","every 20 iterations",200,0.239328034461813,1.07252316241411,14.5227377507287,12.9486409812716,0.0101703485570229,FALSE
"block4","TOV%_theta4","every 20 iterations",200,0.786821948854842,1.06221784851588,11.5991290139627,39.8666280081183,0.0206796719859951,FALSE
"block4","USG%_theta3","every 20 iterations",200,0.323310456620452,1.02114901800289,31.6976935201493,21.9403223232807,0.00655935292003114,FALSE
"block4","USG%_theta4","every 20 iterations",200,0.982371805117956,1.15865200062676,5.64450072504852,50.3814287393356,0.0236253419367266,FALSE
"block4","OWS_theta3","every 20 iterations",200,0.924233868356039,1.25520143289532,4.2014524509435,40.2605958568186,0.0535900334686867,FALSE
"block4","OWS_theta4","every 20 iterations",200,1.93338477777674,1.24636968684081,3.5905851485308,47.5881462253947,0.0917319250548604,FALSE
"block4","DWS_theta3","every 20 iterations",200,0.309677470439912,1.1187956107162,7.47846282024797,12.5237666936117,0.0210801711961639,FALSE
"block4","DWS_theta4","every 20 iterations",200,0.812677148501137,1.23786785292664,5.91229494401419,12.8819196402431,0.0406594333181769,FALSE
"block4","WS/48_theta3","every 20 iterations",200,0.30833363659642,1.02936941653355,10.5084062327196,18.6371453731846,0.0187279854182523,FALSE
"block4","WS/48_theta4","every 20 iterations",200,0.89365662385691,1.04742696956806,8.32267742009371,12.9738400207582,0.0329594089972246,FALSE
"block4","OBPM_theta3","every 20 iterations",200,0.333748619174261,1.52875324065577,2.18077582184622,31.9081046585833,0.0324248113217746,FALSE
"block4","OBPM_theta4","every 20 iterations",200,0.900801301003581,1.60097203412608,1.90344200649336,46.5628174737555,0.0464684321937444,FALSE
"block4","DBPM_theta3","every 20 iterations",200,0.230358752255749,1.01557446827977,40.0130412433927,58.2704868296977,0.00460138619063429,FALSE
"block4","DBPM_theta4","every 20 iterations",200,0.84633965054008,1.01246754625591,15.4073768292125,42.4418399060167,0.0122942993023421,FALSE
"block4","VORP_theta3","every 20 iterations",200,0.754091219893207,1.08440144731402,8.84793303848202,50.3732197646197,0.0310588400609607,FALSE
"block4","VORP_theta4","every 20 iterations",200,2.46973953647264,1.15552403469829,11.6344919515334,20.5204738363959,0.0596417136041015,FALSE
"block4","weighted_mu_PER","every 20 iterations",200,0.0334356463993723,1.26910824551695,2.87201753517112,78.9435912157313,0.0348784860463049,FALSE
"block4","weighted_mu_TS%","every 20 iterations",200,-0.153083386505544,1.00459469448126,48.266845768623,117.219331787125,0.00788644452389388,FALSE
"block4","weighted_mu_3PAr","every 20 iterations",200,-0.201523391399287,1.08478443572952,11.2781243057992,132.528819681303,0.0192077679007406,FALSE
"block4","weighted_mu_FTr","every 20 iterations",200,-0.134003666193257,1.01200687510791,146.256696361679,161.364410923585,0.0059046896598715,FALSE
"block4","weighted_mu_ORB%","every 20 iterations",200,0.272416000318184,1.13866486391003,5.2111451713229,100.848953036497,0.0400483905038384,FALSE
"block4","weighted_mu_DRB%","every 20 iterations",200,0.0970533092018342,1.03643296311824,31.0344889754468,25.4594269314447,0.0113330543333805,FALSE
"block4","weighted_mu_TRB%","every 20 iterations",200,0.270285919388673,1.08493801379525,9.94516447280299,33.7402613336606,0.0277706122233629,FALSE
"block4","weighted_mu_AST%","every 20 iterations",200,-0.00147735114476579,1.03517175548688,24.2203055586958,224.222943452753,0.0128937526592518,FALSE
"block4","weighted_mu_STL%","every 20 iterations",200,-0.0839551208329082,1.02623072385069,179.494720861954,102.255838389958,0.00554576237523807,FALSE
"block4","weighted_mu_BLK%","every 20 iterations",200,-0.0827472743588398,1.02467828526424,53.6053537890089,74.6025387792311,0.0121216510782623,FALSE
"block4","weighted_mu_TOV%","every 20 iterations",200,-0.0165813758626124,1.02938527479913,37.181788356774,76.4172744250285,0.0101804286642991,FALSE
"block4","weighted_mu_USG%","every 20 iterations",200,0.0677004222210042,1.01243927808202,67.0250946013834,135.098176298548,0.00631150203895542,FALSE
"block4","weighted_mu_OWS","every 20 iterations",200,0.488214160746427,1.1458996921568,4.87233219924149,80.6747341400807,0.0401717532569002,FALSE
"block4","weighted_mu_DWS","every 20 iterations",200,-0.0434829254337844,1.0610047223023,17.7358288721158,44.2535987219321,0.0159445557323631,FALSE
"block4","weighted_mu_WS/48","every 20 iterations",200,0.000163371180259307,1.03309216996485,13.8465427461884,48.2631141204187,0.0192933817084198,FALSE
"block4","weighted_mu_OBPM","every 20 iterations",200,-0.0718878247743127,1.00324488526315,110.923363659953,181.81650875956,0.00526095203472636,FALSE
"block4","weighted_mu_DBPM","every 20 iterations",200,-0.0284779696590378,0.995878930675542,118.660730397731,174.002351293872,0.00446433980328996,FALSE
"block4","weighted_mu_VORP","every 20 iterations",200,0.603440110319755,1.01364663967624,28.8209936771166,132.875703593116,0.0203171901325209,FALSE
"block4","weighted_precision_diag_PER","every 20 iterations",200,31.7027884025612,1.02829882439466,25.8760068460581,92.1655086029605,0.553612050788983,FALSE
"block4","weighted_precision_diag_TS%","every 20 iterations",200,10.6537441941399,1.06117602006111,14.4696136064083,33.5316716292629,0.429458110452785,FALSE
"block4","weighted_precision_diag_3PAr","every 20 iterations",200,9.22181818910312,1.00699485843059,17.8250271810882,40.1075964370231,0.352170236914243,FALSE
"block4","weighted_precision_diag_FTr","every 20 iterations",200,2.78938309732424,0.999415403674215,59.401065453786,90.8226438944509,0.0427363408812354,FALSE
"block4","weighted_precision_diag_ORB%","every 20 iterations",200,6.4656055069026,1.11643760738918,11.3099890043774,54.3612552508031,0.286466908873647,FALSE
"block4","weighted_precision_diag_DRB%","every 20 iterations",200,15.2411545743178,1.01275720186711,23.8881660848084,70.3968764214246,0.479304391497585,FALSE
"block4","weighted_precision_diag_TRB%","every 20 iterations",200,22.0358893984638,1.00086147518457,25.5606168721204,70.0819496594949,0.642085313999248,FALSE
"block4","weighted_precision_diag_AST%","every 20 iterations",200,6.1784699042372,1.26411070826564,2.95646761372236,13.7801440651425,0.636742083462917,FALSE
"block4","weighted_precision_diag_STL%","every 20 iterations",200,3.69795298580149,1.01969395396534,16.7127654259662,37.6961537856172,0.140151314341696,FALSE
"block4","weighted_precision_diag_BLK%","every 20 iterations",200,4.01176316483037,1.02001278642738,25.4360824483784,73.7556381890609,0.107057663770724,FALSE
"block4","weighted_precision_diag_TOV%","every 20 iterations",200,4.62981291868205,0.996994913779744,29.1626362994769,52.204170587126,0.126537285976578,FALSE
"block4","weighted_precision_diag_USG%","every 20 iterations",200,5.4543075320053,0.996748505639934,33.158657636164,46.7587188578413,0.149547169326489,FALSE
"block4","weighted_precision_diag_OWS","every 20 iterations",200,9.78478535739148,1.12530225498357,6.80638026743986,81.5437295423526,0.526288281955116,FALSE
"block4","weighted_precision_diag_DWS","every 20 iterations",200,10.0831113065176,1.00121248193726,33.1241853000362,73.3391025862763,0.198999545477863,FALSE
"block4","weighted_precision_diag_WS/48","every 20 iterations",200,18.6249323801736,1.06574890007943,17.8670081904543,81.4876617177033,0.556129374377105,FALSE
"block4","weighted_precision_diag_OBPM","every 20 iterations",200,27.9933976678203,1.13724873201044,13.8989761201011,74.1101567002382,0.855677598907556,FALSE
"block4","weighted_precision_diag_DBPM","every 20 iterations",200,11.8643187155503,1.00724797962759,43.6958043964636,68.9694537503348,0.188376419568513,FALSE
"block4","weighted_precision_diag_VORP","every 20 iterations",200,9.38837828184648,1.0184003067017,24.7195643884258,47.5569701333082,0.250583947864816,FALSE
