"id","player_id","initial_cluster"
1,"abrinal01",6
2,"acyqu01",5
3,"adamsst01",6
4,"adebaba01",6
5,"afflaar01",5
6,"aldrico01",2
7,"aldrila01",6
8,"allenja01",6
9,"allenka01",2
10,"allento01",5
11,"aminual01",6
12,"anderju01",4
13,"anderky01",6
14,"anderry01",6
15,"anigbik01",3
16,"antetgi01",6
17,"anthoca01",1
18,"anunoog01",6
19,"arcidry01",1
20,"arizatr01",6
21,"arthuda01",2
22,"artisja01",2
23,"asikom01",5
24,"augusdj01",6
25,"babbilu01",1
26,"bacondw01",5
27,"bakerro01",2
28,"baldwwa01",3
29,"balllo01",5
30,"bareajo01",6
31,"barneha02",6
32,"bartowi01",6
33,"batumni01",6
34,"bayleje01",1
35,"baynear01",1
36,"bazemke01",5
37,"bealbr01",6
38,"beaslma01",1
39,"beaslmi01",6
40,"belinma01",6
41,"belljo01",4
42,"bembrde01",5
43,"bendedr01",5
44,"bertada01",6
45,"beverpa01",4
46,"birchkh01",4
47,"birdja01",4
48,"biyombi01",1
49,"bjeline01",6
50,"blackta01",4
51,"blakean01",2
52,"bledser01",6
53,"blueva01",2
54,"bogdabo01",6
55,"bogdabo02",6
56,"bogutan01",4
57,"bolomjo01",2
58,"bookede01",6
59,"booketr01",6
60,"bouchch01",2
61,"bradlav01",5
62,"bradlto01",2
63,"breweco01",6
64,"brogdma01",6
65,"brookaa01",1
66,"brookdi01",1
67,"brookma01",4
68,"brownan02",3
69,"brownbo02",2
70,"brownja02",6
71,"brownlo01",2
72,"brownma02",2
73,"brownst02",1
74,"brussni01",2
75,"bryanth01",2
76,"bullore01",6
77,"burketr01",4
78,"burksal01",5
79,"butleji01",6
80,"buyckdw01",5
81,"cabocbr01",2
82,"caldejo01",6
83,"caldwke01",6
84,"canaais01",4
85,"capelca01",6
86,"carrode01",6
87,"cartevi01",6
88,"cartemi01",5
89,"carusal01",5
90,"casspom01",4
91,"caulewi01",6
92,"cavanty01",4
93,"chalmma01",5
94,"chandty01",6
95,"chandwi01",1
96,"chrisma01",5
97,"clarkia01",1
98,"clarkjo01",6
99,"clavegi01",2
100,"clevean01",5
101,"collijo01",6
102,"colliza01",5
103,"colliky01",5
104,"collida01",6
105,"collini01",2
106,"conlemi01",4
107,"connapa01",6
108,"cookqu01",4
109,"cookech01",2
110,"cooleja01",4
111,"costema01",4
112,"couside01",6
113,"covinro01",6
114,"crabbal01",6
115,"craigto01",1
116,"crawfja01",1
117,"crawfjo02",3
118,"crowdja01",1
119,"cunnida01",6
120,"curryst01",6
121,"danietr01",1
122,"davisan02",6
123,"davisde01",4
124,"davised01",6
125,"dedmode01",6
126,"dekkesa01",1
127,"delanma01",1
128,"dellama01",1
129,"denglu01",2
130,"derozde01",6
131,"diallch01",4
132,"dienggo01",6
133,"dinwisp01",6
134,"dorsety01",1
135,"dotsoda01",1
136,"doylemi01",2
137,"doziepj01",2
138,"dragigo01",6
139,"drewla02",2
140,"drumman01",6
141,"dudleja01",1
142,"dunnkr01",5
143,"duranke01",6
144,"eddieja01",2
145,"ellenhe01",5
146,"ellinwa01",6
147,"embiijo01",6
148,"ennisja01",6
149,"ennisty01",5
150,"evansja01",5
151,"evansje01",2
152,"evansty01",6
153,"exumda01",4
154,"farieke01",4
155,"favorde01",6
156,"feldeka01",2
157,"feliccr01",1
158,"feltora01",6
159,"fergute01",1
160,"ferreyo01",6
161,"finnedo01",5
162,"forbebr01",1
163,"fournev01",6
164,"foxde01",5
165,"fraziti01",6
166,"kanteen01",6
167,"fryech01",4
168,"fultzma01",2
169,"gallida01",4
170,"gallola01",6
171,"gasolma01",6
172,"gasolpa01",6
173,"gayru01",6
174,"georgpa01",6
175,"georgma01",2
176,"gibsojo01",3
177,"gibsota01",6
178,"ginobma01",6
179,"goberru01",6
180,"gordoaa01",6
181,"gordoer01",6
182,"gortama01",6
183,"grahatr01",1
184,"grantje01",6
185,"grantje02",6
186,"grayjo01",2
187,"greenda02",5
188,"greendr01",6
189,"greenge01",4
190,"greenja01",1
191,"greenje02",6
192,"griffbl01",6
193,"hamilda02",3
194,"hardati02",6
195,"hardeja01",6
196,"harklma01",6
197,"harremo01",6
198,"harride01",6
199,"harriga01",6
200,"harrijo01",6
201,"harrito02",6
202,"harriaa01",5
203,"harrian01",6
204,"harrish01",4
205,"hartjo01",6
206,"hasleud01",2
207,"hayesni01",2
208,"haywago01",2
209,"hearnre01",3
210,"henrymy01",5
211,"hensojo01",6
212,"hernaju01",1
213,"hernawi01",4
214,"hezonma01",6
215,"hicksis01",2
216,"hieldbu01",6
217,"hilarne01",4
218,"hillge01",6
219,"hillso01",5
220,"hillida01",2
221,"holidjr01",6
222,"holidju01",5
223,"hollajo02",2
224,"holliro01",6
225,"holmeri01",4
226,"hoodro01",6
227,"hopsosc01",2
228,"horfoal01",6
229,"houseda01",4
230,"howardw01",6
231,"huestjo01",5
232,"hunterj01",2
233,"huntevi01",3
234,"ibakase01",6
235,"iguodan01",6
236,"ilyaser01",6
237,"inglejo01",6
238,"ingraan01",3
239,"ingrabr01",6
240,"irvinky01",6
241,"isaacjo01",5
242,"iwundwe01",1
243,"jackja01",1
244,"jacksaa01",2
245,"jacksde01",2
246,"jacksjo02",5
247,"jacksju01",1
248,"jacksre01",6
249,"jamesle01",6
250,"jamesmi02",5
251,"jeffeal01",4
252,"jefferi01",2
253,"jennibr01",1
254,"jerebjo01",6
255,"johnsam01",6
256,"johnsbr02",4
257,"johnsda04",4
258,"johnsja01",6
259,"johnsjo02",5
260,"johnsom01",2
261,"johnsst04",5
262,"johnsty01",6
263,"johnswe01",5
264,"jokicni01",6
265,"jonesda03",2
266,"jonesde02",2
267,"jonesja04",1
268,"jonesty01",6
269,"jordade01",6
270,"josepco01",6
271,"kaminfr01",6
272,"kennalu01",6
273,"kiddgmi01",1
274,"kilpase01",5
275,"klebima01",6
276,"korkmfu01",2
277,"kornelu01",4
278,"korveky01",6
279,"koufoko01",6
280,"kuzmaky01",6
281,"kuzmimi01",2
282,"labissk01",1
283,"lambje01",6
284,"larkish01",6
285,"lauvejo01",4
286,"lavinza01",5
287,"laymaja01",5
288,"leaftj01",1
289,"leeco01",6
290,"leeda03",2
291,"lemonwa01",2
292,"lenal01",6
293,"leonaka01",4
294,"leoname01",3
295,"leuerjo01",2
296,"leverca01",6
297,"liggide01",5
298,"lillada01",6
299,"linje01",4
300,"livinsh01",1
301,"looneke01",6
302,"lopezbr01",6
303,"lopezro01",1
304,"loveke01",6
305,"lowryky01",6
306,"luwawti01",1
307,"lylestr01",6
308,"macksh01",6
309,"magetjo01",4
310,"mahinia01",1
311,"makerth01",1
312,"marjabo01",4
313,"markkla01",6
314,"martija01",1
315,"masonfr01",1
316,"mathima01",4
317,"matthwe02",6
318,"mbahalu01",6
319,"mcadoja01",2
320,"mccawpa01",5
321,"mccolcj01",6
322,"mccontj01",6
323,"mccreer01",2
324,"mcculch01",4
325,"mcderdo01",1
326,"mcgeeja01",4
327,"mcgruro01",4
328,"mckinal01",4
329,"mclembe01",5
330,"mcrobjo01",2
331,"meeksjo01",6
332,"mejrisa01",4
333,"mickejo01",5
334,"middlkh01",6
335,"milescj01",6
336,"milleda01",6
337,"millema01",4
338,"millspa02",6
339,"millspa01",6
340,"mirotni01",6
341,"mitchdo01",6
342,"mitrona01",3
343,"monkma01",5
344,"monrogr01",4
345,"montelu01",2
346,"mooreet01",6
347,"moreler01",6
348,"morrija01",2
349,"morrima03",6
350,"morrima02",6
351,"morrimo01",3
352,"motlejo01",4
353,"mozgoti01",1
354,"mudiaem01",5
355,"muhamsh01",1
356,"munfoxa02",2
357,"murrade01",5
358,"murraja01",6
359,"muscami01",6
360,"naderab01",5
361,"nancela02",6
362,"napiesh01",6
363,"nelsoja01",5
364,"netora01",6
365,"niangge01",2
366,"noahjo01",4
367,"noelne01",4
368,"noguelu01",4
369,"nowitdi01",6
370,"ntilila01",5
371,"nurkiju01",6
372,"nwabada01",1
373,"obryajo01",5
374,"onealro01",6
375,"oquinky01",6
376,"ojelese01",5
377,"okafoem01",4
378,"okafoja01",4
379,"oladivi01",6
380,"olynyke01",6
381,"onuakch01",2
382,"osmande01",1
383,"oubreke01",6
384,"pachuza01",6
385,"paigema01",2
386,"papagge01",2
387,"parkeja01",6
388,"parketo01",1
389,"parsoch01",4
390,"pattepa01",6
391,"pattoju01",3
392,"paulbr01",5
393,"paulch01",6
394,"paynead01",3
395,"payneca01",6
396,"paytoel01",6
397,"paytoga02",1
398,"perkike01",2
399,"perralo01",2
400,"peteral01",4
401,"plumlma02",4
402,"plumlma01",6
403,"plumlmi01",1
404,"poeltja01",6
405,"pondequ01",2
406,"porteot01",6
407,"portibo01",6
408,"porzikr01",6
409,"poweldw01",6
410,"powelno01",5
411,"poythal01",2
412,"princta02",5
413,"pulleja01",2
414,"purviro01",2
415,"qizh01",2
416,"quartti01",2
417,"rabbiv01",4
418,"randlju01",6
419,"randoza01",6
420,"rathaxa01",2
421,"redicjj01",6
422,"reedda01",5
423,"reedwi02",4
424,"richajo01",6
425,"richama01",2
426,"riverau01",6
427,"roberan03",6
428,"robinde01",2
429,"robingl02",4
430,"rondora01",6
431,"rosede01",2
432,"rosste01",5
433,"roziete01",6
434,"rubiori01",6
435,"russeda01",5
436,"sabondo01",6
437,"sampsja02",4
438,"saricda01",6
439,"satorto01",6
440,"schrode01",6
441,"scottmi01",6
442,"sefolth01",4
443,"seldewa01",1
444,"sessira01",1
445,"shumpim01",5
446,"siakapa01",6
447,"silasxa01",2
448,"simmobe01",6
449,"simmojo02",1
450,"simmoko01",5
451,"singlky01",2
452,"smartma01",5
453,"smithde03",5
454,"smithis01",6
455,"smithjr01",1
456,"smithja02",2
457,"smithjo03",2
458,"snellto01",1
459,"speigma01",4
460,"stausni01",1
461,"stephla01",5
462,"stockda01",3
463,"stoneju01",4
464,"sumneed01",3
465,"swanica01",2
466,"tatumja01",6
467,"taylois01",1
468,"teaguje01",6
469,"teaguma01",2
470,"teletmi01",4
471,"templga01",1
472,"teodomi01",6
473,"terryja01",5
474,"theisda01",4
475,"thomais02",5
476,"thomala01",1
477,"thompkl01",6
478,"thomptr01",1
479,"thornsi01",1
480,"tollian01",6
481,"townska01",6
482,"tuckepj01",6
483,"turneev01",1
484,"turnemy01",6
485,"udohek01",4
486,"ulisty01",5
487,"valanjo01",6
488,"valende01",6
489,"vanvlfr01",6
490,"vaughra01",4
491,"vonleno01",6
492,"vucevni01",6
493,"wadedw01",5
494,"waitedi01",5
495,"walkeke02",6
496,"walljo01",6
497,"wallaty01",1
498,"waltode01",4
499,"warneja01",3
500,"warretj01",6
501,"weartr01",1
502,"webbja01",2
503,"weberbr01",4
504,"westda01",4
505,"westbru01",6
506,"whitean01",2
507,"whitede01",4
508,"whiteok01",4
509,"whiteis01",5
510,"whiteha01",6
511,"wiggian01",1
512,"wileyja01",2
513,"wilkida02",2
514,"willial03",2
515,"willicj01",6
516,"willide02",2
517,"willilo02",6
518,"willima02",6
519,"willima05",2
520,"willitr02",4
521,"wilsodj01",4
522,"wilsoja02",4
523,"winslju01",5
524,"witheje01",2
525,"woltena01",2
526,"wrighbr03",4
527,"wrighde01",6
528,"yabusgu01",4
529,"youngja01",2
530,"youngjo01",1
531,"youngni01",1
532,"youngth01",6
533,"zelleco01",4
534,"zellety01",4
535,"zipsepa01",5
536,"zizican01",4
537,"zubaciv01",4
