relative_path,bytes,sha256
.gitattributes,149,68a5a5112c5f2549fdee42badf5aa052c6662b081fdf69da60aa56a40747a27b
.gitignore,77,1279057f213bc3e9913ecfa7e1149208dcec9f3d34dbc16a18d852c741b1fbca
analysis.R,3158,4bac2f1ba7c979809043da6b977db7359092e1eef955c67cdfb68a6d3e1a0d3c
chain.R,6530,9aba1521712e523d5a7b80b049b16e9b571a4f874f7899532e036183198473c4
checkpoints/README.txt,210,471f4c6b497304cbe513b9ddd9388fbcaca9259f8f1e1f6e474cdb7dadbef51f
model.cpp,20475,a64606250f4b0bf598ea9964caed4eb1b12e5c7491327f1c0e89b974ef4306d1
model.R,25493,f897c844ae1b7ba873aeef8c2aaf32ad9ab68a328755c74fbac8deeb379104fb
NBA_chain1.Rproj,97,74e7e8e162663de81f20b39a0620c73e65c5111427fb964de9400a0384fe722b
preprocess.R,4586,7a04585bc3c1a8182ec01262c4ee4b94502b43d181aa19f26b3bcdbc531256bb
processed/continuous_18vars.csv,59354,4866985ce6352587756c2be72b71780723f3e18cad9101fe523921810972599c
processed/cutpoints_and_counts.csv,905,35d1c4d56d70fbfd3cdcf307b9fbe7b46b2f352201bb78fa646e42d649dbee01
processed/data.rds,42875,4b9a0f8d008fbd56923d6aeee7d6c119076200b8522b0deabb81ae8a9c870f56
processed/excluded_model_variables_WS_BPM.csv,20370,726439e8a23df87807f56f9deac0ceab3a42271d5ac0a00dd9bdac3bd9cff295
processed/excluded_players.csv,296,64d3bc1eedc7cab1649afbf80987f49704c61cabc887ad327b24a00412ef1d29
processed/model_input_18vars.csv,19992,6aa245c69cba6a83339c8fa3e5ac0dfe07b767fb0c144688f131e819e307da46
processed/ordinal_18vars_with_players.csv,35310,544c0f5c32ba66e4eca22b731198266b0e0803c5d0af5f77f61fe38831320716
processed/player_metadata.csv,31289,2adbde7908717bc7f8f6445dc19dfc060cad3ce5cb1c70ea3366f6548ac948f2
processed/processing_counts.csv,133,98d71a4583dd0de46933f29a0c6ef686e7f8d9437d6d4da5eebc458cd987605d
processed/processing_notes.txt,383,a4650138a8ae383833c9f09a8f43b749e524b1de055fe58aa98a8071785f6042
processed/row_selection_audit.csv,18599,75776593ac369f1a401b0e075c33d56d50daa2a466739946f8158962d1f86993
provenance/analysis_session.txt,873,e99d8feb452e7bb4048acc2d0b437f79e76f766ed712f0a9a0082cad1420b009
provenance/chain1_initial_labels.csv,10074,b6085b2959098b9188cad84a4ed0232b78b8fb07d722389783ba258c17b0018c
provenance/chain1_initial_manifest.rds,5274,26bf428e4a68f4cfa65dae36671d415299536506688f67bb0160dab0916cddb4
provenance/chain1_initial_state.rds,97175,ce4004ef0e3bda36fe0f3ff61a35aa12e51f9e43cb9c00941ae6cbc9961833fd
provenance/kernel_md5.csv,143,e127e1b8a3e03830f20e550462dc2158d8342c688b1d624b6e97b6ddb1bb99c2
provenance/README.txt,736,6b770479295edf949c5114291b13bd5378300e8273ca75cecdfb1c2f91ea7721
provenance/reported_run.csv,182,4cbf0db47efaf28c89acbd0a7d80485765065e5ae00f26e15f25677ec0e50598
provenance/reported_settings.txt,286,965ae4df0d5785d512f28e7fbd40240334ff653fd4d9ad11ae2657d742b094f0
provenance/sampling_session_20000.txt,871,bf1b8df3f781ff9e143fc0c9e3c79226f13b742fcb8a214ee589bf7e30e1b342
provenance/sampling_session_8000.txt,957,3c537a3ea4efb4e3c263ad5cc0fa92018b973aebedc56abc0ba2a5655f38e575
provenance/validation_session.txt,682,92cf965bc6a58aaccd54ec1d838356d75071d3080e308c5cf0af8e498cdb8a9e
provenance/verification.txt,1478,89ebb55eacf7466077b3beb0890d9aff36d581f85d085657dc9e7547b6aa1452
raw/2017-2018 Advanced NBA.xlsx,124825,5993c03da2b50ea5586483be364fca22e94c85f588ab96acd2b15cd113e27489
README.md,7789,af01c0513522d193af776f72f012f0b0e6eef4ba117d0ecf36c4f28dfeaa9bd9
results/reported_chain1/all_edge_probabilities.csv,17988,3b8369d3d06ba6a4b41abc9e7893bffbe4784eb493543a6ff1ce6089df21a188
results/reported_chain1/centres_TS_categories.csv,143,5fe369e8a1698fcc091586c287a87bcd030f2e6333344a2226ee20617447fd6e
results/reported_chain1/cluster_labels.csv,3667,04660cd918cb408732db2566190a2e7e5c7175e5e7d5eded7d5e1017ea0cf10c
results/reported_chain1/cluster_number_probabilities.csv,48,3d949fb894e0468fcd126c8dbceb98cc6dcceea79ae0a71941973db62560e02e
results/reported_chain1/common_reference_edge_stability.csv,1092,832385eda2b55797fe7d0ad3577ea8829ed415cc14901b51ba7f9e2c067ea310
results/reported_chain1/common_reference_window_coverage.csv,1228,2f3cf0cb9b6e9b12bf6f1aeac15af2f0c53a611e6eb7657c2d59bfa278c99c31
results/reported_chain1/Dahl_summary.csv,36,79c433814f42e32c1eea713e907c4fe5be960819177b7f9996ef3ec7911ce7d5
results/reported_chain1/edge_probability_1.csv,2884,b9092cc0070075dac1306f3a2be042d72481fe632be20b0783f1558135782da9
results/reported_chain1/edge_probability_2.csv,2950,26a37a50cf70f880478ea8f4ed8daad8b503101e7e41f64f7991114526c55830
results/reported_chain1/edge_probability_3.csv,2556,9bb8d4aebb146bd3031ba0f53ace7f8b53fb29face26c485ec2eeb9627d3b6d4
results/reported_chain1/edge_probability_4.csv,2906,bc260f58dc7b3192d096f1d70e277176d936d70ae54d38e9d094da572e7c09b9
results/reported_chain1/graph_1.csv,766,5b818be13c6d021c0f287aca17393620ee71a4d39c347b41d005d59a4e42febe
results/reported_chain1/graph_2.csv,766,d16abba5cb67c34ec5d7d43fa917f8cf37bcd98a2f04dc7373ef7765b3f73f75
results/reported_chain1/graph_3.csv,766,9224d62a23cf49ee04e691742a0b05a43466e4c5075b876c59d83d3e9f40ac33
results/reported_chain1/graph_4.csv,766,79ebfaa8591a820473bacd826315bfb156007dbf605aed8c996b61c5d5665c4d
results/reported_chain1/graph_alignment.csv,342,c2e3e82a957dbf7ef3f885948a7ca2190131b443da5f2c960b1d1d9d51e5ed40
results/reported_chain1/group_sizes_edges.csv,59,c8680f6310dd4519ea320e18b4f4d25660cea5c17bb8a31d891bef2f7625b0ac
results/reported_chain1/K_trace.csv,168911,63432b86bfd2967e791da2e594b4d6e1c1f1b6f0dcff7ac97fce5db966dc6dd3
results/reported_chain1/K_windows.csv,231,fd17b4e321c0986d499f4a54906a110096013200c09c906192953e2b7d38f7cd
results/reported_chain1/key_edges_by_window.csv,3323,c4a985d01344a253221bb8a6b48cf84f36544c6eeadf4529f9e95ca791eb0f32
results/reported_chain1/membership_stability.csv,9257,8b2cad1ab5b2815076c2621d41223118958ee9ee83a15bb500453975eddd2433
results/reported_chain1/metadata_summaries.csv,689,2b18d934b78b4e05935825cd2bb62160989abc1ce409688dc7760c8ac8450105
results/reported_chain1/ordinal_profiles.csv,4631,0d9da49b9aca5eaf2ca3e8562f0ecc8594b96083a8c3b7c038a0a7b6315eff98
results/reported_chain1/players_and_clusters.csv,37705,556a4f286d3c83fd382f1ff9ff6ab007e78a0aac5918f094e93483f585b4ab6b
results/reported_chain1/position_counts.csv,85,5839cc3de2ee8e0e646b4c67d2c5dde3bdf65850f31128f6bc42a7e25cdc825d
results/reported_chain1/posterior_draws.rds,5083187,18d7355e0c9f3d79fe871beca530f0dd53a31b7c82edeeb075aff74c2f99418f
results/reported_chain1/posterior_summary.rds,292658,bd741b36009cf299a161d5984ac55484b96af8d20d1b3a405c06be26792e35cb
results/reported_chain1/PSM_partition_window_stability.csv,482,b7a37bd895f6673ab563e723e807d4104337b790556dd27556d3893251b76c95
results/reported_chain1/sampler_diagnostics.csv,972410,0119e1ed1a632017e86f6266dd135d6f5fca58fce0ea9ffe39bdca48842ed534
results/reported_chain1/selected_threshold_window_means.csv,2094,5dcda9123be6aef6177129892f772ae4d785e9f03ff477de7af2f71549aa7ea3
results/reported_chain1/single_chain_split_diagnostics.csv,98537,e5e5d2b9787dc2674d4f2de68f3bc4619e7671de8b79f26c0c1885d43118e1c5
results/reported_chain1/snapshot_traces.csv,1031789,a309f7e22b169e05801bb77809439f9920bcb5729b665e41d73a942233f2dd4a
run.R,4897,196e5ac73daf449631fbe4a54d6d81d4ec1259a7704d3d2efe3b8d9dae40b533
